Italian	English	Japanese
Egina	Aegina	アイギーナ
Agostino	Augustine	アウグスティヌス
Augusto	Augustus	アウグストゥス
Ausonia	Ausonia	アウソニア
Aulide	Aulis	アウリス
Aurora	Aurora	アウロラ
Enea	Aeneas	アエネアス
Eneide	Aeneid	アエネイス
Acàn	Achan	アカン
Agatone	Agathon	アガトン
Agapito	Agapetus	アガピトゥス
Agamennone	Agamemnon	アガメムノン
Achitofèl	Ahithophel	アキトフェル
Achille	Achilles	アキレイス
Achille	Achilles	アキレウス
Acquacheta	Acquacheta	アクアケータ
Acquasparta	Acquasparta	アクアスパルタ
Aquino	Aquinas	アクィナス
Acri	Acre	アクリ
Aglauro	Aglauros	アグラウロス
Aguglion	Aguglione	アグーリョーネ
Acheronte	Acheron	アケロン
Acone	Acone	アコーネ
Asciano	Asciano	アシャーノ
Asdente	Asdente	アスデンテ
Asperges	Asperges	アスペルゲス
Asopo	Asopus	アソポ
Atamante	Athamas	アタマス
Adamo	Adam	アダム
Adamo	Adam	アダーモ
Assisi	Assisi	アッシジ
Assiri	Assyrians	アッシリア
Azzo	Azzo	アッツォ
Azzolino	Azzolino	アッツォリーノ
Attila	Attila	アッティラ
Abbagliato	Abbagliato	アッバリアート
Arrigucci	Arrigucci	アッリグッチ
Arrigo	Arrigo	アッリーゴ
Mainardi	Mainardi	アッリーゴ・マイナルディ
Atene	Athens	アテナイ
Adice	Adige	アディジェ
Adimari	Adimari	アディマーリ
Atropòs	Atropos	アトロポス
Adria	Adria	アドリア
Anassagora	Anaxagoras	アナクサゴラス
Anastasio	Anastasius	アナスタシウス
Anastagi	Anastagi	アナスタージ
Anania	Ananias	アナニアス
Anagni	Anagni	アナーニ
Agnello	Agnello	アニェッロ
Agnus Dei	Agnus Dei	アニュス・デイ
Assuero	Ahasuerus	アハシュエロス
Abido	Abydos	アビュドス
Affricano	Africanus	アフリカヌス
Absalone	Absalom	アブサロム
Abraàm	Abraham	アブラハム
Abèl	Abel	アベル
Apennino	Apennine	アペニン
Appollo	Apollo	アポロ
Apollo	Apollo	アポロン
Amata	Amata	アマタ
Aman	Haman	アマン
Amiclate	Amyclas	アミクラーテ
Amore	Love	アモーレ
Aracne	Arachne	アラクネ
Aragona	Aragon	アラゴン
Arabi	Arabs	アラブ
Alardo	Alardo	アラルド
Alagia	Alagia	アラージャ
Arar	Arar	アラール
Alì	Ali	アリ
Aragne	Ariadne	アリアドネ
Arrio	Arius	アリウス
Alichino	Alichino	アリキーノ
Aristotele	Aristotle	アリストテレス
Archiano	Archiano	アルキアーノ
Argia	Argia	アルギア
Alcmeone	Alcmaeon	アルクマイオン
Argo	Argo	アルゴ
Argo	Argo	アルゴス
Argonauti	Argonauts	アルゴナウタイ
Argenti	Argenti	アルジェンティ
Altaforte	Altaforte	アルタフォルテ
Ardinghi	Ardinghi	アルディンギ
Artù	Arthur	アルトゥ
Arno	Arno	アルノ
Arnaut Daniel	Arnaut Daniel	アルノー
Arnaut Daniel	Arnaut Daniel	アルノー・ダニエル
Alba	Alba	アルバ・ロンガ
Arbia	Arbia	アルビア
Alberto	Alberto	アルブレヒト1世
Alpi	Alps	アルプス
Alberichi	Alberichi	アルベリーキ
Alberigo	Alberigo	アルベリーゴ
Alberti	Alberti	アルベルティ
Alberto	Alberto	アルベルト
Alberto di Cologna	Albert of Cologne	アルベルトゥス・マグヌス
Alberto	Alberto	アルベーロ
Arli	Arles	アルル
Areopago	Areopagus	アレオパゴス
Alessandro	Alessandro	アレクサンドロス
Aletto	Alecto	アレクト
Alessandria	Alessandria	アレッサンドリア
Alessandro	Alessandro	アレッサンドロ
Interminei	Interminei	アレッシオ・インテルミネイ
Arezzo	Arezzo	アレッツォ
Aretini	Aretine	アレティーニ
Aretusa	Arethusa	アレトゥーサ
Alleluia	Alleluia	アレルヤ
Aronta	Aruns	アロンタ
Anchise	Anchises	アンキセス
Angiò	Anjou	アンジュー
Angiolello	Angiolello	アンジョレッロ
Anselmo	Anselm	アンセルムス
Anselmuccio	Anselmuccio	アンセルムッチョ
Anteo	Antaeus	アンタイオス
Antandro	Antandros	アンタンドロス
Antigone	Antigone	アンティゴネ
Antifonte	Antiphon	アンティフォン
Antenora	Antenora	アンテノーラ
Antenori	Antenori	アンテーノリ
Antonio	Anthony	アントニウス
Andrea	Andrea	アンドレア
Anna	Anna	アンナ
Anfiarao	Amphiaraus	アンピアラオス
Anfïone	Amphion	アンピオン
anfisibena	amphisbaena	アンフィシベナ
Avicenna	Avicenna	アヴィケンナ
Avignone	Avignon	アヴィニョン
Ave	Ave	アヴェ
Averroè	Averroes	アヴェロエス
Aventino	Aventine	アヴェンティーノ
Ave Maria	Ave Maria	アヴェ・マリア
Giasone	Jason	イアソン
Iarba	Iarbas	イアルバ
Iesù	Jesus	イエス
Gesù Cristo	Jesus Christ	イエス・キリスト
Iole	Iole	イオレ
Icaro	Icarus	イカロス
Inghilterra	England	イギリス
Isaia	Isaiah	イザヤ
Isidoro	Isidore	イシドールス
Iscariota	Iscariot	イスカリオテ
Ismene	Ismene	イスメネ
Ismene	Ismene	イスメノ
Israèl	Israel	イスラエル
	Islam	イスラム
Isère	Isère	イゼール
Isopo	Aesop	イソップ
Italia	Italy	イタリア
Ibero	Ibero	イベロ
Ilïón	Ilion	イリオン
Illuminato	Illuminato	イルミナート
Ilerda	Ilerda	イレルダ
Inghilterra	England	イングランド
Indo	Indus	インダス
India	India	インド
Innocenzio	Innocent	インノケンティウス
Infangato	Infangato	インファンガート
Importuni	Importuni	インポルトゥーニ
In exitu Isräel de Aegypto	In exitu Isräel de Aegypto	イン・エクシトゥ・イスラエル
Eva	Eve	イヴ
Ida	Ida	イーデー
Imola	Imola	イーモラ
Varro	Varro	ウァロ
Venere	Venus	ウェヌス
Virgilio	Virgil	ウェルギリウス
Uguiccione	Uguiccione	ウグッチオーネ
Ugolin	Ugolin	ウゴリン
Ugolin d'Azzo	Ugolin d'Azzo	ウゴリン・ダッツォ
Ugolino	Ugolino	ウゴリーノ
Uccellatoio	Uccellatoio	ウッチェラトーイオ
Utica	Utica	ウティカ
Ubaldin	Ubaldin	ウバルディン
Ubaldo	Ubaldo	ウバルド
Ubertin	Ubertin	ウベルティン・ドナート
Uranìe	Urania	ウラニア
Vulcano	Vulcan	ウルカヌス
Urbano	Urban	ウルバヌス
Orbino	Urbino	ウルビーノ
Ughi	Ughi	ウーギ
Euclide	Euclid	エウクレイデス
Eünoè	Eunoë	エウノエ
Euripide	Euripides	エウリピデス
Euripilo	Eurypylus	エウリピュロス
Eurialo	Euryalus	エウリュアロス
Euro	Eurus	エウロス
Europa	Europa	エウロパ
Ëolo	Aeolus	エオロ
Esaù	Esau	エサウ
Egidio	Giles	エジディオ
Egitto	Egypt	エジプト
Esti	Este	エステ
Esti	Esti	エスティ
Ester	Esther	エステル
Ezechïel	Ezekiel	エゼキエル
Etiopia	Ethiopia	エチオピア
Ecce ancilla Dei	Ecce ancilla Dei	エッケ・アンチルラ・デイ
Eteòcle	Eteocles	エテオクレ
Eden	Eden	エデン
Etruschi	Etruscan	エトルリア
Epicuro	Epicurus	エピクロス
Ifigenia	Iphigenia	エフィジェニア
Iefte	Jephthah	エフタ
Ebro	Ebro	エブロ
Ema	Ema	エマ
Emaus	Emmaus	エマオ
Elì	Eli	エリ
Eritón	Erichtho	エリクトー
Gerico	Jericho	エリコ
Eliso	Elysium	エリシオン
Erisittone	Erysichthon	エリシクトン
Eliseo	Eliseo	エリゼオ
Eliso	Eliseo	エリソ
Elia	Elijah	エリヤ
elitropia	heliotrope	エリートロピア
Erine	Erinyes	エリーニュス
Elì	Eli	エル
Elsa	Elsa	エルサ
Ierusalemme	Jerusalem	エルサレム
Elba	Elbe	エルベ
Elmo	Elmo	エルモ
Eletra	Electra	エレクトラ
Empireo	Empyrean	エンピレオ
Empedoclès	Empedocles	エンペドクレス
Eva	Eve	エヴァ
Ovidio	Ovid	オウィディウス
Ottavian	Octavian	オクタウィアヌス
Ostïense	Ostiense	オスティエンセ
Ottacchero	Ottokar	オタカル2世
Ulisse	Ulysses	オデュッセウス
Oderisi	Oderisi	オデリージ
Opizzo	Opizzo	オピッツォ
Orïaco	Oriaco	オリアーコ
Oriente	Orient	オリエンテ
Olimpo	Olympus	オリュンポス
Orsini	Orsini	オルシーニ
Orso	Orso	オルソ
Ordelaffi	Ordelaffi	オルデラッフィ
Orbisaglia	Urbisaglia	オルビザーリア
Orfeo	Orpheus	オルフェウス
Ormanni	Ormanni	オルマンニ
Oreste	Orestes	オレステ
Orosio	Orosius	オロシウス
Omberto	Omberto	オンベルト
Aldobrandeschi	Aldobrandeschi	オンベルト・アルドブランデスキ
Austria	Austria	オーストリア
Caifas	Caiaphas	カイアファ
Caina	Caina	カイナ
Caino	Cain	カイン
Cecilio	Caecilius	カエキリウス
Cesare	Caesar	カエサル
Caorsa	Cahors	カオール
Caco	Cacus	カクス
Cacume	Cacume	カクーメ
Casalodi	Casalodi	カサロディ
Casale	Casale	カザーレ
Castel	Castel	カステル
Castore	Castor	カストル
Castrocaro	Castrocaro	カストロカーロ
Casella	Casella	カセッラ
Casentino	Casentino	カゼンティーノ
Catalano	Catalano	カタラーノ
Catalogna	Catalonia	カタルーニャ
Cassio	Cassius	カッシウス
Cassino	Cassino	カッシーノ
Caccia	Caccia	カッチャ
Cacciaguida	Cacciaguida	カッチャグイーダ
Catalano	Catalano	カッチャ・ダシャーノ
Cattolica	Cattolica	カットーリカ
Cappelletti	Cappelletti	カッペレッティ
Carrara	Carrara	カッラーラ
Catellini	Catellini	カテッリーニ
Catria	Catria	カトリア
cattolico	Catholic	カトリック
Caton	Cato	カトー
Catona	Catona	カトーナ
Cadmo	Cadmus	カドモス
Cana	Cana	カナ
Canavese	Canavese	カナヴェーゼ
Cagnazzo	Cagnazzo	カニャッツォ
Cagnan	Cagnan	カニャン
Capaneo	Capaneus	カパネウス
Capraia	Capraia	カプライア
Capricorno	Capricorn	カプリコルノ
Caprona	Caprona	カプローナ
Capocchio	Capocchio	カポッキオ
Caponsacco	Caponsacco	カポンサッコ
Camiscion	Camiscion	カミション
Cammilla	Camilla	カミッラ
Calaroga	Calaroga	カラロガ
Calliope	Calliope	カリオペ
Calisto	Callixtus	カリストゥス
Cariddi	Charybdis	カリュディス
Calcabrina	Calcabrina	カルカブリーナ
Carnaro	Quarnaro	カルナーロ
Calfucci	Calfucci	カルフッチ
Calboli	Calboli	カルボリ
Carlino	Carlino	カルリーノ
Carlo	Charles	カルロ
Carlo Martello	Charles Martel	カルロ・マルテッロ
Carentana	Carentana	カレンターナ
Caron	Charon	カロン
Cangrande	Cangrande	カングランデ
Campagnatico	Campagnatico	カンパニャーティコ
Campaldino	Campaldino	カンパルディーノ
Campi	Campi	カンピ
Campo Piceno	Campo Piceno	カンポ・ピチェーノ
Cavalcante	Cavalcante	カヴァルカンテ
Cavalcanti	Cavalcanti	カヴァルカンティ
Carlo Magno	Charlemagne	カール大帝
Gaia	Gaia	ガイア
Gaeta	Gaeta	ガエータ
Guascogna	Gascony	ガスコーニュ
Gaddo	Gaddo	ガッド
Galli	Galli	ガッリ
Galluzzo	Galluzzo	ガッルッツォ
Gallura	Gallura	ガッルーラ
Gade	Gades	ガデス
Ganimede	Ganymede	ガニュメーデース
Ganellone	Ganelon	ガヌロン
Gabriello	Gabriel	ガブリエル
Gallia	Gaul	ガリア
Galigaio	Galigaio	ガリガイオ
Galizia	Galicia	ガリシア
Garisenda	Garisenda	ガリセンダ
Garda	Garda	ガルダ
Gardingo	Gardingo	ガルディンゴ
Galeotto	Gallehault	ガレオット
Galïeno	Galen	ガレノス
Gange	Ganges	ガンジス
Gaville	Gaville	ガヴィッレ
Chiassi	Chiassi	キアッシ
Chiara	Clare	キアラ
Chiaveri	Chiavari	キアヴェリ
Chiana	Chiana	キアーナ
Chiusi	Chiusi	キウージ
Citerea	Cytherea	キテレア
Cipro	Cyprus	キプロス
Scilla	Scylla	キュラ
Ciro	Cyrus	キュロス
Cristo	Christ	キリスト
Circe	Circe	キルケ
Cincinnato	Cincinnatus	キンキナトゥス
gigante	giant	ギガス
Gigantomachia	Gigantomachy	ギガントマキア
Ghisolabella	Ghisolabella	ギゾラベッラ
Gedeon	Gideon	ギデオン
Ghibellin	Ghibellines	ギベリン
Grecia	Greece	ギリシャ
Gelboè	Gilboa	ギルボア
Ghin di Tacco	Ghin di Tacco	ギーン・ディ・タッコ
Guido di Monforte	Guy de Montfort	ギー・ド・モンフォール
Quirino	Quirinus	クィリヌス
Quinzio	Quinctius	クィンクティウス
Serse	Xerxes	クセルクセス
Cunizza	Cunizza	クニッツァ
Cupido	Cupid	クピードー
Crasso	Crassus	クラッスス
Curione	Curio	クリオ
Climenè	Clymene	クリメネ
Crisostomo	Chrysostom	クリュソストモス
Clugnì	Cluny	クリュニー
Creusa	Creusa	クレウサ
Cleopatra	Cleopatra	クレオパトラ
Creta	Crete	クレタ
Creusa	Creusa	クレトゥス
Clemente	Clement	クレメンス
Clemenza	Clemenza	クレメンツァ
Croazia	Croatia	クロアチア
Cloto	Clotho	クロート
Gualandi	Gualandi	グアランディ
Gualterotti	Gualterotti	グアルテロッティ
Gualdo	Gualdo	グアルド
Gualdrada	Gualdrada	グアルドラーダ
Ginevra	Guinevere	グィネヴィア
Guizzante	Wissant	グイッツァンテ
Guittone	Guittone	グイットーネ
Guittone	Guittone	グイットーネ・ダレッツォ
Guido	Guido	グイディ
Guido	Guido	グイド
Guinizzelli	Guinizzelli	グイド・グイニツェッリ
Guido	Guido	グイド・グエッラ
Guido di Carpigna	Guido di Carpigna	グイド・ディ・カルピーニャ
Guido del Duca	Guido del Duca	グイド・デル・ドゥーカ
Bonatti	Bonatti	グイド・ボナッティ
Guinizzelli	Guinizzelli	グイニツェッリ
Guelfi	Guelphs	グエルフ
Gubbio	Gubbio	グッビオ
Glauco	Glaucus	グラウコス
Graffiacane	Graffiacane	グラッフィアカーネ
Grazïan	Gratian	グラティアヌス
Guglielmo	Guglielmo	グリエルモ
Guiglielmo Aldobrandesco	Guglielmo Aldobrandesco	グリエルモ・アルドブランデスコ
Guiglielmo Borsiere	Guglielmo Borsiere	グリエルモ・ボルシエーレ
Gregorio	Gregory	グレゴリウス
Greci	Greeks	グレーチ
Chirone	Chiron	ケイロン
Cefas	Cephas	ケファ
Cefàs	Cephas	ケファス
Cerbero	Cerberus	ケルベロス
Colonia	Cologne	ケルン
Gherardo	Gherardo	ゲラルド
Gerione	Geryon	ゲリュオン
Cocito	Cocytus	コキュートス
Costanza	Constance	コスタンツァ
Cosenza	Cosenza	コゼンツァ
Curradino	Conradin	コッラディーノ
Corrado	Currado	コッラード
Malaspina	Malaspina	コッラード・マラスピーナ
Colle	Colle	コッレ
Colchi	Colchis	コルキス
Corsi	Corsicans	コルシ
Corso	Corso	コルソ
Cornelia	Cornelia	コルネリア
Corneto	Corneto	コルネート
Colonna	Colonna	コロンナ
Costantino	Constantine	コンスタンティヌス
Costantinopoli	Constantinople	コンスタンティノープル
Conti	Conti	コンティ
Currado	Conrad	コンラート3世
Conio	Conio	コーニオ
Gottifredi	Godfrey	ゴッティフレーディ
Gomita	Gomita	ゴミタ
Gomorra	Gomorrah	ゴモラ
Gorgón	Gorgon	ゴルゴン
Gorgona	Gorgona	ゴルゴーナ
Saul	Saul	サウル
Sacchetti	Sacchetti	サッケッティ
Mascheroni	Mascheroni	サッソル・マスケローニ
Saffira	Sapphira	サッフィラ
Sabaòt	Sabaoth	サバオト
Sabine	Sabines	サビニ
Sapìa	Sapìa	サピーア
Sabellio	Sabellius	サベッリウス
Sabello	Sabellus	サベッルス
Samaria	Samaria	サマリア
Samuel	Samuel	サムエル
Sarra	Sarah	サラ
Saracin	Saracen	サラセン
Saladino	Saladin	サラディン
Sardanapalo	Sardanapalus	サルダナパロス
Sardi	Sardinians	サルディ
Sardigna	Sardinia	サルデーニャ
Salvani	Salvani	サルヴァーニ
Salve Regina	Salve Regina	サルヴェ・レジーナ
San Vittore	Saint Victor	サン=ヴィクトル
Santafiora	Santafiora	サンタフィオーラ
Santa Zita	Santa Zita	サンタ・ツィータ
Santerno	Santerno	サンテルノ
Sant'Andrea	Sant'Andrea	サント・アンドレア
Santafiora	Santafiora	サント・アンドレーア
Sanleo	Sanleo	サンレオ
Giovanni	Giovanni	サン・ジョヴァンニ
San Zeno	San Zeno	サン・ゼーノ
San Pietro	Saint Peter	サン・ピエトロ
San Benedetto de l'Alpe	San Benedetto dell'Alpe	サン・ベネデット・デッラルペ
Savia	Savia	サヴィオ
Sàvena	Savena	サーヴェナ
Sara	Sarah	ザーラ
Sïestri	Sestri	シエストリ
Siena	Siena	シエナ
Sion	Zion	シオン
Sisto	Sixtus	シクストゥス
Sicheo	Sicheo	シケオ
Sigieri	Siger	シジェール
Sismondi	Sismondi	シズモンディ
Sicilia	Sicily	シチリア
Sinigaglia	Senigallia	シニガッリア
Sinone	Sinon	シノン
Sibilla	Sibyl	シビュラ
Simifonti	Simifonti	シミフォンティ
Simoenta	Simois	シモエイス
Simonide	Simonides	シモニデス
Simon	Simon	シモン
Simon mago	Simon Magus	シモン・マグス
Carlo	Charles	シャルル
Soave	Swabia	シュヴァーベン
Siratti	Soracte	シラッテ
Siringa	Syrinx	シリンクス
Silvio	Silvius	シルウィウス
Silvestro	Sylvester	シルウェステル
Silvestro	Silvestro	シルヴェストロ
scirocco	sirocco	シロッコ
Sizii	Sizii	シーツィ
Signa	Signa	シーニャ
Sile	Sile	シーレ
Genova	Genoa	ジェノヴァ
Gentucca	Gentucca	ジェンツッカ
Geri	Geri	ジェーリ
Geri del Bello	Geri del Bello	ジェーリ・デル・ベッロ
Gianni	Gianni	ジャンニ
Schicchi	Schicchi	ジャンニ・スキッキ
Giuochi	Giuochi	ジュオーキ
Giudecca	Judecca	ジュデッカ
Giotto	Giotto	ジョット
Giovacchino	Joachim	ジョヴァッキーノ
Giovanna	Giovanna	ジョヴァンナ
Giovanni	Giovanni	ジョヴァンニ
Scarmiglione	Scarmiglione	スカルミリオーネ
Schicchi	Schicchi	スキッキ
Scipione	Scipio	スキピオ
Sciro	Scyros	スキロス
Scozia	Scotland	スコットランド
Stazio	Statius	スタティウス
Stefano	Stephen	ステファノ
Stige	Styx	ステュクス
Stricca	Stricca	ストリッカ
Strofade	Strophades	ストロファデス
Sparta	Sparta	スパルタ
Sfinge	Sphinx	スフィンクス
Spagna	Spain	スペイン
Sperent	Sperent	スペレント・イン
	Slavic	スラブ
Sultano	Sultan	スルタン
Summae Deus clementiae	Summae Deus clementiae	スンマエ・デウス・クレメンティエ
Setta	Ceuta	セウタ
Sesto	Sextus	セクストゥス
Sesto	Sestos	セストス
Sennaar	Shinar	セナール
Seneca	Seneca	セネカ
Siviglia	Seville	セビリア
Semiramìs	Semiramis	セミラミス
Semelè	Semele	セメレ
Serchio	Serchio	セルキオ
Serse	Xerxes	セルセ
Serbia	Serbia	セルビア
Brunetto	Brunetto	セル・ブルネット
Sennacherìb	Sennacherib	センナケリブ
Senna	Seine	セーヌ
Zeno	Zeno	ゼノン
Zefiro	Zephyr	ゼフュロス
Socrate	Socrates	ソクラテス
Sodoma	Sodom	ソドム
Sorga	Sorgue	ソルグ
Soldanieri	Soldanieri	ソルダニエーリ
Soldanier	Soldanier	ソルダニエール
Soldano	Sultan	ソルダノ
Sordello	Sordello	ソルデッロ
Salomone	Solomon	ソロモン
Solone	Solon	ソロン
Taide	Thaïs	タイス
Taumante	Thaumas	タウマース
Taddeo	Taddeo	タッデオ
Tanaï	Tanais	タナイス
Tamiri	Tomyris	タミリス
Tagliacozzo	Tagliacozzo	タリアコッツォ
Tagliamento	Tagliamento	タリアメント
Tarquino	Tarquin	タルクィニウス
Tarpëa	Tarpeia	タルペイア
Tale	Thales	タレス
Tambernicchi	Tambernicchi	タンベルニッキ
Dedalo	Daedalus	ダイダロス
Daniello	Daniel	ダニエル
Dammiata	Damietta	ダミアッタ
Dante	Dante	ダンテ
Davide	David	ダヴィデ
Cesena	Cesena	チェゼーナ
Cecilio	Caecilius	チェチリオ
Ceperan	Ceprano	チェペラーノ
Cerchi	Cerchi	チェルキ
Certaldo	Certaldo	チェルタルド
Cervia	Cervia	チェルヴィア
Cecina	Cecina	チェーチナ
Cieldauro	Cieldauro	チエルダウロ
Cimabue	Cimabue	チマブーエ
Ciacco	Ciacco	チャッコ
Cianghella	Cianghella	チャンゲッラ
Cianfa	Cianfa	チャンファ
Cirïatto	Ciriatto	チリアット
Tigri	Tigris	ティグリス
Tisbe	Thisbe	ティスベ
Tizio	Tityus	ティテュオス
Tito	Titus	ティトゥス
Titone	Tithonus	ティトーネ
Tifeo	Typhon	ティフェオ
Tiberio	Tiberius	ティベリウス
Timeo	Timaeus	ティマイオス
Tiralli	Tyrol	ティラッリ
Tiresia	Tiresias	ティレシアス
Timbreo	Thymbraeus	ティンブレオ
Tesifone	Tisiphone	ティーシポネー
Tesauro dei Beccheria	Tesauro dei Beccheria	テザウロ・デイ・ベッケリーア
Tesëo	Theseus	テセウス
Tesoro	Tesoro	テゾーロ
Tegghiaio	Tegghiaio	テッギアイオ
Tegghiaio Aldobrandi	Tegghiaio Aldobrandi	テッギアイオ・アルドブランディ
Teti	Thetis	テティス
Tebaldello	Tebaldello	テバルデッロ
Tebaldo	Tebaldo	テバルド
Temi	Themis	テミス
Tamigi	Thames	テムズ
Tideo	Tydeus	テュデウス
Toppo	Toppo	テュポン
Terrenzio	Terence	テレンティウス
Tevere	Tiber	テヴェレ
Tebaide	Thebaid	テーバイ
Tebaide	Thebaid	テーバイラス
Diana	Diana	ディアナ
Dïogenès	Diogenes	ディオゲネス
Dïascoride	Dioscorides	ディオスコリデス
Dionisio	Dionysius	ディオニュシオス
Dionisio Areopagita	Dionysius the Areopagite	ディオニュシオス・アレオパギタ
Diomede	Diomedes	ディオメデス
Dïone	Dione	ディオーネー
Dite	Dis	ディーテ
Didone	Dido	ディードー
Deianira	Deianira	デイアニラ
Deïdamìa	Deidamia	デイダミア
Deïfile	Deiphyle	デイフィレ
Te Deum laudamus	Te Deum laudamus	デウム・ラウダムス
Deci	Decii	デキウス
della Arca	della Arca	デッラ・アルカ
Sannella	Sannella	デッラ・サンネッラ
Pressa	Pressa	デッラ・プレッサ
Pera	Pera	デッラ・ペーラ
Democrito	Democritus	デモクリトス
Demofoonte	Demofoonte	デモフォオンテ
Delia	Delia	デリア
Delfi	Delphi	デルポイ
Delectasti	Delectasti	デレクタスティ
Delo	Delos	デーロス
Tulïo	Tully	トゥッリウス
Tupino	Topino	トゥピーノ
Turno	Turnus	トゥルヌス
Turbìa	Turbia	トゥルビーア
Turs	Tours	トゥール
Tolosa	Toulouse	トゥールーズ
Toscana	Tuscany	トスカーナ
Toppo	Toppo	トッポ
Tobia	Tobias	トビア
Tommaso	Thomas	トマス
Tommaso d'Aquino	Thomas Aquinas	トマス・アクィナス
Traiano	Trajan	トラヤヌス
Traversari	Traversari	トラヴェルサーリ
Tristano	Tristan	トリスタン
Trinacria	Trinacria	トリナクリア
Trivïa	Trivia	トリヴィア
Torquato	Torquatus	トルクァトゥス
Trespiano	Trespiano	トレスピアーノ
Trento	Trento	トレンティーノ
Trento	Trento	トレント
Treviso	Treviso	トレヴィーゾ
Troia	Troy	トロイア
Tolomea	Ptolomea	トロメア
Tronto	Tronto	トロント
Alemagna	Germany	ドイツ
Duera	Duera	ドゥエーラ
Durazzo	Durazzo	ドゥラッツォ
Danoia	Danube	ドナウ
Donato	Donatus	ドナトゥス
Domizian	Domitian	ドミティアヌス
Domenico	Dominic	ドミニコ
Draghignazzo	Draghignazzo	ドラギニャッツォ
Dolcino	Dolcino	ドルチーノ
Don Michel Zanche	Don Michel Zanche	ドンノ・ミケーレ・ザンケ
Naiade	Naiads	ナイアス
Nil	Nile	ナイル
Nazarette	Nazareth	ナザレ
Nasidio	Nasidius	ナシディウス
Natan	Nathan	ナタン
Navarra	Navarre	ナバラ
Napoli	Naples	ナポリ
Narcisso	Narcissus	ナルキッソス
Navarra	Navarre	ナヴァッラ
Nïobè	Niobe	ニオベ
Niccosïa	Nicosia	ニコシア
Niccolò	Nicholas	ニコラウス
Niso	Nisus	ニソス
Niccolò	Niccolò	ニッコロ
Niccolò	Niccolò	ニッコロー
Nino	Ninus	ニノス
Nino	Nino	ニーノ
Visconti	Visconti	ニーノ・ヴィスコンティ
Nesso	Nessus	ネッソス
Nella	Nella	ネッラ
Nabuccodonosor	Nebuchadnezzar	ネブカドネザル
Nettuno	Neptune	ネプトゥヌス
Nerli	Nerli	ネルリ
Nembrotto	Nimrod	ネンブロット
Noè	Noah	ノア
Nocera	Nocera	ノチェーラ
Norvegia	Norway	ノルウェー
Normandia	Normandy	ノルマンディー
Novara	Novara	ノヴァーラ
Iacomo	James	ハイメ2世
Arrigo	Henry	ハインリヒ7世
Adriano	Adrian	ハドリアヌス
Absburgo	Habsburg	ハプスブルク
Arpie	Harpies	ハルピュイア
Ungheria	Hungary	ハンガリー
Anibàl	Hannibal	ハンニバル
Bacchiglione	Bacchiglione	バッキリオーネ
Bacco	Bacchus	バッコス
Batista	Baptist	バティスタ
Bagnacaval	Bagnacaval	バニャカヴァル
Bagnoregio	Bagnoregio	バニョレージョ
Babillòn	Babylon	バビロン
Babele	Babel	バベル
Barucci	Barucci	バルッチ
Bartolomeo	Bartolomeo	バルトロメオ
Bartolomeo della Scala	Bartolomeo della Scala	バルトロメオ・デッラ・スカーラ
Barbariccia	Barbariccia	バルバリッチャ
Barbarossa	Barbarossa	バルバロッサ
Barbagia	Barbagia	バルバージャ
Bari	Bari	バーリ
Peana	Paean	パイアン
Paolo	Paul	パウロ
Fetòn	Phaethon	パエトン
Paolo	Paolo	パオロ
Gianni	Gianni	パガーニ
Pachino	Pachino	パキーノ
Pasifae	Pasiphaë	パシパエ
Pazzi	Pazzi	パッツィ
Pallante	Pallas	パッランテ
Padova	Padua	パドヴァ
Pape Satàn aleppe	Pape Satàn aleppe	パペ・サタン・アレッペ
Pallante	Pallas	パラス
Palazzo	Palazzo	パラッツォ
Palladio	Palladium	パラディオン
Parìs	Paris	パリ
Parìs	Paris	パリス
Parnaso	Parnassus	パルナッソス
Parmenide	Parmenide	パルメニデス
Palestrina	Palestrina	パレストリーナ
Palermo	Palermo	パレルモ
Ieronimo	Jerome	ヒエロニムス
Ezechia	Hezekiah	ヒゼキヤ
Ippolito	Hippolytus	ヒッポリュトス
Ipocràte	Hippocrates	ヒポクラテス
Isifile	Hypsipyle	ヒュプシピュレ
Iperïone	Hyperion	ヒュペリオン
Bismantova	Bismantova	ビズマントヴァ
Zeno	Zeno	ビゼンツォ
Bindi	Bindis	ビンディ
Piava	Piava	ピアーヴェ
Pio	Pius	ピウス
Pietra	Pietra	ピエトラ
Pietrapana	Pietrapana	ピエトラパーナ
Pietro	Pietro	ピエトロ
Pier Damiano	Peter Damian	ピエトロ・ダミアーノ
Bernardone	Bernardone	ピエトロ・ベルナルドーネ
Pietro Peccator	Peter Damian	ピエトロ・ペッカトール
Piero	Piero	ピエロ
Pier	Pier	ピエール
Piero della Vigna	Pier della Vigna	ピエール・デッラ・ヴィーニャ
Traversaro	Traversaro	ピエール・トラヴェルサーロ
Pettinaio	Pettinaio	ピエール・ペッティナイオ
Pigmalïon	Pygmalion	ピグマリオン
Pisa	Pisa	ピサ
Pisistràto	Pisistratus	ピシストラトス
Pistoia	Pistoia	ピストイア
Piccarda	Piccarda	ピッカルダ
Piccarda	Piccarda	ピッカルダ・ドナーティ
Pinamonte	Pinamonte	ピナモンテ
Piramo	Pyramus	ピュラモス
Fillide	Phyllis	ピュリス
Pirro	Pyrrhus	ピュロス
Pilato	Pilate	ピラト
Pisa	Pisa	ピーア
Faenza	Faenza	ファエンツァ
Fabbro	Fabbro	ファッブロ
Fabi	Fabius	ファビウス
Fabbrizio	Fabricius	ファブリツィウス
Famagosta	Famagusta	ファマグスタ
Farisei	Pharisees	ファリサイ
Farinata	Farinata	ファリナータ
Farsaglia	Pharsalia	ファルサリア
Falterona	Falterona	ファルテローナ
Farfarello	Farfarello	ファルファレッロ
Fantolin	Fantolin	ファントリン
Fano	Fano	ファーノ
Fialte	Ephialtes	フィアルテ
Fiesole	Fiesole	フィエーゾレ
fiorino	florin	フィオリーノ
Fifanti	Fifanti	フィファンティ
Filippi	Filippi	フィリッピ
Filippo	Philip	フィリップ
Filippeschi	Filippeschi	フィリッペスキ
Filippo Argenti	Filippo Argenti	フィリッポ・アルジェンティ
Firenze	Florence	フィレンツェ
Fegghine	Fegghine	フェッギーネ
Federico	Frederick	フェデリーコ
Federigo	Federigo	フェデリーゴ
Federigo Tignoso	Federigo Tignoso	フェデリーゴ・ティニョーゾ
Federigo	Federigo	フェデリーゴ・ノヴェッロ
Fenicia	Phoenicia	フェニキア
Ferrara	Ferrara	フェラーラ
Felice	Felix	フェリーチェ
Feltro	Feltro	フェルト
Feltre	Feltre	フェルトレ
Feltro	Feltro	フェルトロ
Focaccia	Focaccia	フォカッチャ
Focara	Focara	フォカーラ
Fotin	Photinus	フォティヌス
Folco	Folco	フォルコ
Fortuna	Fortune	フォルトゥーナ
Forlì	Forlì	フォルリ
Forese	Forese	フォレーゼ
Donati	Donati	フォレーゼ・ドナーティ
Avellana	Avellana	フォンテ・アヴェッラーナ
Fonte Branda	Fonte Branda	フォンテ・ブレンダ
Fucci	Fucci	フッチ
Erinni	Furies	フューリー
Franco Bolognese	Franco Bolognese	フランコ・ボロニェーゼ
Francia	France	フランス
Francesca	Francesca	フランチェスカ
Francesco	Francis	フランチェスコ
Francesco d'Accorso	Francesco d'Accorso	フランチェスコ・ダッコルソ
Fiandra	Flanders	フランドル
Frigia	Phrygia	フリジア
Fulcieri	Fulcieri	フルチエーリ
Flegïàs	Phlegyas	フレギアス
Flegra	Phlegra	フレグラ
Ugo	Hugh	フーゴー
Bonconte	Bonconte	ブオンコンテ
Buondelmonte	Buondelmonte	ブオンデルモンテ
Buondelmonti	Buondelmonti	ブオンデルモンティ
Buoso	Buoso	ブオーゾ
Donati	Donati	ブオーゾ・ドナーティ
Buggea	Buggea	ブジェア
Brabante	Brabant	ブラバン
Brabante	Brabant	ブラバンテ
Branca	Branca	ブランカ
Branca	Branca	ブランカ・ドーリア
Briareo	Briareus	ブリアレオス
Bulicame	Bulicame	ブリカーメ
Brigata	Brigata	ブリガータ
Brisso	Brisso	ブリッソ
Bindi	Bindis	ブリンディジ
Bruggia	Bruges	ブルッヘ
Brunetto	Brunetto	ブルネット
Brunetto	Brunetto	ブルネット・ラティーノ
Bruto	Brutus	ブルートゥス
Bretinoro	Bretinoro	ブレティノーロ
Brenta	Brenta	ブレンタ
Brenno	Brennus	ブレンヌス
Brescia	Brescia	ブレーシャ
Broccia	Broccia	ブロッチャ
Sciancato	Sciancato	プッチョ・シャンカート
Tolomeo	Ptolemy	プトレマイオス
Plauto	Plautus	プラウトゥス
Pratomagno	Pratomagno	プラトマーニョ
Platone	Plato	プラトン
Praga	Prague	プラーガ
Prata	Prata	プラータ
Prato	Prato	プラート
Priscian	Priscian	プリスキアヌス
Pluto	Plutus	プルート
Flegetonta	Phlegethon	プレゲトン
Progne	Progne	プロクネ
Proserpina	Proserpina	プロセルピナ
Provenza	Provence	プロヴァンス
Provenzan Salvani	Provenzan Salvani	プロヴェンツァン・サルヴァーニ
Puglia	Puglia	プーリア
Ecuba	Hecuba	ヘカベー
Ettore	Hector	ヘクトル
Ebrei	Hebrews	ヘブライ
Eraclito	Heraclitus	ヘラクレイトス
Ercole	Hercules	ヘラクレス
Elïodoro	Heliodorus	ヘリオドロス
Elice	Helice	ヘリケー
Elicona	Helicon	ヘリコン
Ellesponto	Hellespont	ヘレスポントス
Elena	Helen	ヘレナ
Guanto	Ghent	ヘント
Arrigo	Henry	ヘンリー3世
Beatrice	Beatrice	ベアトリーチェ
Beccheria	Beccheria	ベッケリーア
Bellincion Berti	Bellincion Berti	ベッリンチョン・ベルティ
Bellincione	Bellincione	ベッリンチョーネ
Benaco	Benaco	ベナコ
Benedetto	Benedict	ベネディクトゥス
Benevento	Benevento	ベネヴェント
Belacqua	Belacqua	ベラックァ
Belisario	Belisarius	ベリサリウス
Bergamo	Bergamo	ベルガモ
Belzebù	Beelzebub	ベルゼブブ
Berta	Berta	ベルタ
Bertran dal Bornio	Bertran de Born	ベルトラン・ダル・ボルニオ
Bernardin	Bernardin	ベルナルディン・ディ・フォスコ
Bernardo	Bernard	ベルナルド
Bernardo	Bernard	ベルナルドゥス
Belo	Belus	ベロ
Beda	Bede	ベーダ
Pegasëa	Pegasean	ペガサス
Peschiera	Peschiera	ペスキエーラ
Pietro	Peter	ペテロ
Pietro Mangiadore	Peter Comestor	ペトルス・コメストル
Pietro Spano	Peter of Spain	ペトルス・ヒスパヌス
Pietro Lombardo	Peter Lombard	ペトルス・ロンバルドゥス
Pietro	Peter	ペドロ3世
Peneo	Peneus	ペネイア
Penelope	Penelope	ペネロペ
Persio	Persius	ペルシウス
Persia	Persia	ペルシャ
Perugia	Perugia	ペルージャ
Peloro	Peloro	ペローロ
Pantasilea	Penthesilea	ペンテシレイア
Pennino	Pennine	ペンニーノ
Osanna	Hosanna	ホザンナ
Onorio	Honorius	ホノリウス
Omero	Homer	ホメロス
Orazio	Horace	ホラティウス
Oloferne	Holofernes	ホロフェルネス
Boezio	Boethius	ボエティウス
Bostichi	Bostichi	ボスティキ
Bocca	Bocca	ボッカ
Bonagiunta	Bonagiunta	ボナジュンタ
Bonaventura	Bonaventure	ボナヴェントゥラ
Bonifazio	Boniface	ボニファティウス
Bonatti	Bonatti	ボニファーツィオ
Boemia	Bohemia	ボヘミア
Borgo	Borgo	ボルゴ
Lucia	Lucia	ボルジャ
Bolsena	Bolsena	ボルセーナ
Bologna	Bologna	ボローニャ
Bonturo	Bonturo	ボントゥーロ
Putifar	Potiphar	ポティファル
Polinestòr	Polymestor	ポリネストル
Polissena	Polyxena	ポリュクセナ
Policleto	Polyclitus	ポリュクレイトス
Polidoro	Polydorus	ポリュドロス
Polimnïa	Polyhymnia	ポリュムニア
Porta San Piero	Porta San Piero	ポルタ・サン・ピエーロ
Poluce	Pollux	ポルックス
Portogallo	Portugal	ポルトガル
Polenta	Polenta	ポレンタ
Folo	Pholus	ポロス
Pontì	Ponthieu	ポンティユー
Pompeo	Pompey	ポンペイウス
Po	Po	ポー
Pola	Pola	ポーラ
Maia	Maia	マイア
Maccabei	Maccabee	マカバイ
Macabeo	Maccabee	マカベオ
Maccario	Macarius	マカリウス
Maghinardo	Maghinardo	マギナルド・パガーニ
Macra	Macra	マクラ
Matia	Matthias	マティア
Matelda	Matelda	マテルダ
Maometto	Mohammed	マホメット
Maiolica	Majorca	マヨルカ
Malacoda	Malacoda	マラコーダ
Malaspina	Malaspina	マラスピーナ
Malatesta	Malatestas	マラテスタ
Malatestino	Malatestino	マラテスティーノ
Maria	Mary	マリア
Marcabò	Marcabò	マルカボ
Marca	March	マルキア
Marcel	Marcellus	マルケルス
Marchese	Marchese	マルケーゼ
Marco	Mark	マルコ
Marco Lombardo	Marco Lombardo	マルコ・ロンバルド
Marsia	Marsyas	マルシュアス
Marsilia	Marseilles	マルシリア
Marte	Mars	マルス
Marzucco	Marzucco	マルズッコ
Marsilia	Marseilles	マルセイユ
Malta	Malta	マルタ
Martino	Martino	マルティヌス
Martino	Martino	マルティーノ
Malebranche	Malebranche	マレブランケ
Maremma	Maremma	マレンマ
Mantüa	Mantua	マント
Mantova	Mantua	マントヴァ
Manfredi	Manfred	マンフレーディ
Malebolge	Malebolge	マーレボルジェ
Michele	Michael	ミカエル
Micòl	Michal	ミカル
Michele	Michel	ミケーレ
Michel Zanche	Michel Zanche	ミケーレ・ザンケ
Michele Scotto	Michael Scot	ミケーレ・スコット
Miserere	Miserere	ミゼレーレ
Mida	Midas	ミダス
Madïan	Midian	ミディアン
Minerva	Minerva	ミネルヴァ
Minosse	Minos	ミノス
Minotauro	Minotaur	ミノタウロス
Mirra	Myrrha	ミュラー
Milano	Milan	ミラノ
Mincio	Mincio	ミンチョ
Muzio	Mucius	ムキウス
Musa	Muse	ムーサ
Megera	Megaera	メガイラ
Metello	Metellus	メテッルス
Medea	Medea	メディア
Medicina	Medicina	メディチーナ
Medusa	Medusa	メドゥーサ
Menalippo	Menalippus	メナリッポス
Melisso	Melisso	メリッソス
Mercato	Mercato	メルカート
Melchisedèch	Melchizedek	メルキゼデク
Mercurio	Mercury	メルクリウス
Meleagro	Meleager	メレアグロス
Mosca	Mosca	モスカ
Mozzi	Mozzi	モッツィ
Modena	Modena	モデナ
Monaldi	Monaldi	モナルディ
Moldava	Moldau	モルタヴァ
Mardocheo	Mordecai	モルデカイ
Morrocco	Morocco	モロッコ
Moronto	Moronto	モロント
Mongibello	Mongibello	モンジベッロ
Montaperti	Montaperti	モンタペルティ
Montagna	Montagna	モンターニャ
Montecchi	Montecchi	モンテッキ
Montefeltro	Montefeltro	モンテフェルトロ
Montemalo	Montemalo	モンテマロ
Montemurlo	Montemurlo	モンテムルロ
Montereggioni	Montereggioni	モンテレッジォーニ
Montecchi	Montecchi	モンテ・カッシーノ
Monviso	Monviso	モンテ・ヴィーゾ
Monferrato	Montferrat	モンフェッラート
Mosè	Moses	モーセ
Mordred	Mordred	モードレッド
Giacobbe	Jacob	ヤコブ
Agnus	Agnus	ヤヌス
Iacopo	Jacopo	ヤーコポ
Iacopo del Cassero	Jacopo del Cassero	ヤーコポ・デル・カッセロ
Iacopo Rusticucci	Jacopo Rusticucci	ヤーコポ・ルスティクッチ
Giovenale	Juvenal	ユウェナリス
Giustiniano	Justinian	ユスティニアヌス
Giuda	Judas	ユダ
Giudea	Judea	ユダヤ
Iscariota	Iscariot	ユダ・イスカリオテ
Giuda Maccabeo	Judas Maccabeus	ユダ・マカバイ
Iudìt	Judith	ユディト
Giunone	Juno	ユノ
Iuba	Juba	ユバ
Giove	Jupiter	ユピテル
Iulia	Julia	ユリア
Iulio	Julius	ユリウス
Giulio Cesare	Julius Caesar	ユリウス・カエサル
Ugo Ciappetta	Hugh Capet	ユーグ・カペー
Ëufratès	Euphrates	ユーフラテス
Gioacchino	Joachim	ヨアキム
Giocasta	Jocasta	ヨカスタ
Giosafat	Jehoshaphat	ヨサファト
Giosuè	Joshua	ヨシュア
Giuseppe	Joseph	ヨセフ
Giovanni	John	ヨハネ
Iordan	Jordan	ヨルダン
Europa	Europe	ヨーロッパ
Reno	Rhine	ライン
Lavinia	Lavinia	ラウィニア
Lavinia	Lavinia	ラウィーナ
Làchesis	Lachesis	ラケシス
Lacedemona	Lacedaemon	ラケデモン
Rachele	Rachel	ラケル
Latino	Latinus	ラティヌス
Latino	Latino	ラティーノ
Laterano	Lateran	ラテラノ
Latino	Latin	ラテン
Latona	Latona	ラトナ
Raab	Rahab	ラハブ
Rabano	Rabanus Maurus	ラバヌス・マウルス
Labia mea Domine	Labia mea Domine	ラビア・メア・ドミネ
Raphèl maì amècche zabì almi	Raphèl maì amècche zabì almi	ラフェル・マイ・アメッケ・ザビ・アルミ
Lamone	Lamone	ラモーネ
Langia	Langia	ランギア
Lancialotto	Lancelot	ランスロット
Lanfranchi	Lanfranchi	ランフランキ
Lamberti	Lamberti	ランベルティ
Ravignani	Ravignani	ラヴィニャーニ
Ravenna	Ravenna	ラヴェンナ
Lapo Saltarello	Lapo Saltarello	ラーポ・サルタレッロ
Lia	Leah	リア
Rïalto	Rialto	リアルト
Livio	Livy	リウィウス
Riccardo	Richard of Saint Victor	リカルドゥス
Rinieri	Rinieri	リニエーリ
Rinier	Rinier	リニエール
Rinier	Rinier	リニエール・パッツォ
Lin	Linus	リヌス
Lombardo	Lombardo	リノアルド
Lino	Linus	リノス
Libia	Libya	リビア
Libicocco	Libicocco	リビコッコ
Rifeo	Ripheus	リフェウス
Rebecca	Rebecca	リベカ
Rimini	Rimini	リミニ
Limoges	Limoges	リモージュ
Licurgo	Lycurgus	リュクールゴス
Limbo	Limbo	リンボ
Lizio	Lizio	リーツィオ
Rife	Riphean	リーフェ
Lilla	Lille	リール
Luigi	Louis	ルイ
Luca	Luke	ルカ
Lucano	Lucan	ルカヌス
Lucrezia	Lucretia	ルクレツィア
Lucifero	Lucifer	ルシファー
Lucia	Lucy	ルチア
Te lucis ante	Te lucis ante	ルチス・アンテ
Lucca	Lucca	ルッカ
Ruggieri	Ruggieri	ルッジエーリ
Rut	Ruth	ルツ
Ridolfo	Rudolf	ルドルフ1世
Rubaconte	Rubaconte	ルバコンテ
Rubicante	Rubicante	ルビカンテ
Rubicon	Rubicon	ルビコン
Luni	Luni	ルーニ
Rëa	Rhea	レア
Learco	Learchus	レアルコ
Leandro	Leander	レアンドロス
Regina caeli	Regina caeli	レジーナ・チェリ
Leda	Leda	レダ
Lete	Lethe	レテ
Roboam	Rehoboam	レハブアム
Libano	Libano	レバノン
Lenno	Lemnos	レムノス
Lerici	Lerici	レリチ
Levì	Levi	レヴィ
Reno	Reno	レーノ
Ramondo Beringhiere	Raymond Berenger	レーモン・ベランジェ4世
Logodoro	Logodoro	ログドーロ
Loderingo	Loderingo	ロデリンゴ
Rodopëa	Rhodopean	ロドペ
Roberto	Robert	ロベルト
Ruberto Guiscardo	Robert Guiscard	ロベルト・グイスカルド
Romagna	Romagna	ロマーニャ
Roman	Roman	ロマーノ
Romualdo	Romuald	ロムアルドゥス
Romeo	Romeo	ロメオ
Villanova	Villanova	ロメオ・ディ・ヴィッラノーヴァ
Romena	Romena	ロメーナ
Lorenzo	Lawrence	ロレンツォ
Lombardo	Lombardo	ロンゴバルド
Roncisvalle	Roncesvalles	ロンスヴォー
Lombardia	Lombardy	ロンバルディア
Lombardo	Lombardo	ロンバルド
Rodano	Rhone	ローヌ
Roma	Rome	ローマ
Orlando	Roland	ローラン
Vaio	Vair	ヴァイオ
Vaticano	Vatican	ヴァティカン
Valdichiana	Valdichiana	ヴァルディキアーナ
Valdigrieve	Valdigrieve	ヴァルディグレーヴェ
Camonica	Camonica	ヴァル・カモニカ
Val di Magra	Val di Magra	ヴァル・ディ・マーグラ
Vanni Fucci	Vanni Fucci	ヴァンニ・フッチ
Vincislao	Wenceslaus	ヴァーツラフ2世
Visconti	Visconti	ヴィスコンティ
Vitaliano	Vitaliano	ヴィタリアーノ
Vicenza	Vicenza	ヴィチェンツァ
Vinum non habent	Vinum non habent	ヴィヌム・ノン・ハベント
Vecchio	Vecchio	ヴェッキオ
Verrucchio	Verrucchio	ヴェッルッキオ
Venezia	Venetians	ヴェネツィア
Venedico	Venedico	ヴェネーディコ
Venedico Caccianemico	Venedico Caccianemico	ヴェネーディコ・カッチャネミーコ
Vercelli	Vercelli	ヴェルチェッリ
Verde	Verde	ヴェルデ
Veltro	Veltro	ヴェルトロ
Verna	Verna	ヴェルナ
Vernaccia	Vernaccia	ヴェルナッチャ
Veronica	Veronica	ヴェロニカ
Verona	Verona	ヴェローナ
