El（エル）	pa:26:136
I（イー）	pa:26:134
おおぐま座	pa:13:7
こぐま座	pa:13:10
わが心に愛が語りかける	pu:2:112
アイギーナ島	i:29:59
アウグスティヌス	pa:10:119	pa:12:130	pa:32:35
アウグストゥス	i:1:71	i:13:68	pu:29:116
アウソニア	pa:8:61
アウリス	i:20:111
アウロラ	pu:2:8
アエネアス	i:2:32	i:4:122	i:26:93
アエネイス	pu:21:97
アカン	pu:20:109
アガトン	pu:22:107
アガピトゥス	pa:6:16
アキトフェル	i:28:137
アキレウス	i:5:65	i:12:71	i:26:62	i:31:4	pu:9:34	pu:21:92
アクアケータ	i:16:97
アクアスパルタ	pa:12:124
アクィナス家	pa:10:98
アクリ	i:27:89
アグラウロス	pu:14:139
アグーリョーネ	pa:16:55
アケロン	i:3:78	i:14:116
アケロン川	pu:2:105
アコーネ	pa:16:65
アシャーノ	i:29:131
アスデンテ	i:20:118
アソポ	pu:18:91
アタマス	i:30:4
アダム	i:3:115	pu:1:24	pu:9:10	pu:11:44	pu:29:86	pu:32:37	pa:7:26
アダーモ	i:30:61	i:30:104
アッシジ	pa:11:53
アッシリア人	pu:12:59
アッツォリーノ	i:12:110
アッティラ	i:12:134	i:13:149
アッバリアート	i:29:132
アッリグッチ家	pa:16:108
アッリーゴ	i:6:80
アッリーゴ・マイナルディ	pu:14:97
アテナイ	i:12:17	pu:6:139	pa:17:46
アディジェ	pu:16:115	pa:9:44
アディジェ川	i:12:5
アトロポス	i:33:126
アドリア海	pa:21:122
アナクサゴラス	i:4:137
アナスタシウス	i:11:8
アナスタージ家	pu:14:107
アナニアス	pa:26:12
アナーニ	pu:20:86	pa:30:148
アニェッロ	i:25:68
アニュス・デイ	pu:16:19
アハシュエロス	pu:17:28
アビュドス	pu:28:74
アフリカヌス	pu:29:116
アブサロム	i:28:137
アブラハム	i:4:58
アベル	i:4:56
アペニン山脈	i:16:96	pu:5:96
アポロ	pa:1:13	pa:2:8
アミクラーテ	pa:11:67
アラクネ	i:17:18	pu:12:43
アラゴン	pu:3:116
アラブ人たち	pa:6:50
アラルド	i:28:18
アラージャ	pu:19:142
アラール川	pa:6:59
アリ	i:28:32
アリウス	pa:13:127
アリキーノ	i:21:118	i:22:112
アリストテレス	pu:3:43
アルキアーノ	pu:5:95
アルキアーノ川	pu:5:125
アルギア	pu:22:110
アルクマイオン	pu:12:50	pa:4:103
アルゴス	i:28:84	pu:29:95
アルゴ船	pa:33:96
アルタフォルテ	i:29:29
アルディンギ家	pa:16:93
アルトゥ	i:32:61
アルノ	i:15:113	pa:11:106
アルノー	pu:26:142
アルノ川	i:13:146	i:23:95	i:30:65	i:33:83	pu:5:126	pu:14:24
アルバ・ロンガ	pa:6:37
アルビア川	i:10:86
アルブレヒト	pu:6:97	pa:19:115
アルプス	i:14:30	i:20:62	pu:17:1	pa:6:50
アルベリーキ家	pa:16:89
アルベリーゴ	i:33:118
アルベルト	i:32:57
アルル	i:9:112
アレクサンドロス	i:14:31
アレクト	i:9:47
アレッサンドリア	pu:7:135
アレッサンドロ	i:12:107	i:30:77
アレッシオ・インテルミネイ	i:18:122
アレッツォ	i:29:109	i:30:31	pu:6:13
アレティーニ	i:22:5
アレトゥーサ	i:25:97
アロンタ	i:20:46
アンキセス	i:1:74	pu:18:137	pa:15:25	pa:19:132
アンジョレッロ	i:28:77
アンセルムス	pa:12:137
アンセルムッチョ	i:33:50
アンタイオス	i:31:100	i:31:113	i:31:139
アンタンドロス	pa:6:67
アンティゴネ	pu:22:110
アンティフォン	pu:22:106
アンテノーラ	i:32:88
アンテーノリ	pu:5:75
アンナ	pa:32:133
アンピアラオス	i:20:34
アンピオン	i:32:11
アンフィシベナ	i:24:87
アヴィケンナ	i:4:143
アヴェ	pa:3:121
アヴェロエス	i:4:144
アヴェンティーノ	i:25:26
イアソン	i:18:86	i:19:85	pa:2:18
イアルバ	pu:31:72
イエス	pa:25:33
イエス・キリスト	pa:31:107
イオレ	pa:9:102
イカロス	i:17:109
イギリス人	pa:19:122
イザヤ	pa:25:91
イシドールス	pa:10:130
イスメネ	pu:22:111
イスメノ	pu:18:91
イスラエル	i:4:59	pu:2:46
イゼール川	pa:6:59
イソップ	i:23:4
イタリア	i:1:106	i:9:114	i:20:61	pu:6:76	pu:6:124	pu:7:95	pu:13:92	pu:13:96	pu:20:67	pu:30:86	pa:9:25	pa:11:105	pa:21:106	pa:30:137
イタリア人	i:22:65	i:29:88	i:29:91
イベロ川	pu:27:3
イリオン	i:1:75	pu:12:62
イルミナート	pa:12:130
イレルダ	pu:18:101
イングランドのヘンリー	pu:7:131
インダス川	pa:19:70
インド	pu:32:41
インド人	pu:26:21	pa:29:101
インノケンティウス	pa:11:92
インファンガート家	pa:16:123
インポルトゥーニ家	pa:16:133
イヴ	pu:1:24
イーデー	i:14:98
ウァロ	pu:22:98
ウェヌス	pu:25:132	pu:28:65
ウェルギリウス	i:1:79	i:19:61	i:23:124	i:29:4	i:31:133	pu:2:61	pu:3:74	pu:6:67	pu:7:7	pu:8:64	pu:10:53	pu:13:79	pu:19:28	pu:21:14	pu:21:101	pu:21:103	pu:21:125	pu:22:10	pu:23:130	pu:24:119	pu:27:20	pu:27:118	pu:27:126	pu:29:56	pu:30:46	pu:30:49	pu:30:50	pu:30:51	pu:30:55	pa:17:19	pa:26:118
ウグッチオーネ	i:33:89
ウゴリン・ダッツォ	pu:14:105
ウゴリン・デ・ファントリン	pu:14:121
ウゴリーノ伯	i:33:13	i:33:85
ウッチェラトーイオ	pa:15:110
ウティカ	pu:1:74
ウバルディン・ダ・ラ・ピーラ	pu:24:29
ウバルド	pa:11:44
ウベルティン・ドナート	pa:16:119
ウラニア	pu:29:41
ウルカヌス	i:14:57
ウルバヌス	pa:27:44
ウルビーノ	i:27:29
ウーギ家	pa:16:88
エウクレイデス	i:4:142
エウノエ	pu:28:131	pu:33:127
エウリピデス	pu:22:106
エウリピュロス	i:20:112
エウリュアロス	i:1:108
エウロス	pa:8:69
エウロパ	pa:27:83
エオロ	pu:28:21
エサウ	pa:8:130
エジディオ	pa:11:83
エジプト	pu:2:46	pa:25:55
エステル	pu:17:29
エステ家	pu:5:77
エゼキエル	pu:29:100	pu:29:105
エチオピア	i:24:89
エチオピア人	pu:26:21	pa:19:109
エテオクレ	i:26:53
エピクロス	i:10:14
エフィジェニア	pa:5:70
エフタ	pa:5:66
エブロ	pa:9:89
エマ川	pa:16:143
エリ	pu:23:74
エリオス	pa:14:96
エリクトー	i:9:23
エリシクトン	pu:23:26
エリゼオ	pa:15:136
エリソ	pa:15:27
エリヤ	i:26:35	pu:32:80
エリーニュス	i:9:45
エルサレム	pu:2:3	pu:23:29	pa:19:127	pa:25:56
エルサ川	pu:33:67
エルベ	pu:7:99
エルモ	pu:5:96
エレクトラ	i:4:121
エンピレオ	i:2:21
エンペドクレス	i:4:138
エヴァ	pu:8:99	pu:12:71	pu:24:116	pu:29:24
オウィディウス	i:4:90	i:25:97
オクタウィアヌス	pu:7:6
オスティエンセ	pa:12:83
オッタケーロ	pu:7:100
オデュッセウス	i:26:56	pu:19:22	pa:27:82
オデリージ	pu:11:79
オピッツォ・ダ・エスティ	i:12:111
オリアーコ	pu:5:80
オリエンテ	pa:11:54
オリュンポス	pu:24:15
オルソ	pu:6:19
オルビザーリア	pa:16:73
オルフェウス	i:4:140
オルマンニ家	pa:16:89
オレステ	pu:13:32
オンベルト	pu:11:67
オーストリア	i:32:25
カイナ	i:5:107	i:32:58
カイン	i:20:126	pa:2:51
カエサル	i:4:123	i:13:64	i:28:97	pu:6:92	pu:6:114	pu:18:101	pu:26:77	pa:6:10	pa:6:57	pa:6:86	pa:16:59
カオール	i:11:50
カオール人	pa:27:58
カクス	i:25:25
カクーメ	pu:4:26
カサロディ家	i:20:95
カザーレ	pa:12:124
カストル	pu:4:61
カストロカーロ	pu:14:116
カセッラ	pu:2:91
カゼンティーノ	i:30:65	pu:5:94
カタラーノ	i:23:104	i:23:114
カタルーニャ	pa:8:77
カッシウス	i:34:67	pa:6:74
カッシーノ	pa:22:37
カッチャ	i:29:131
カッチャグイーダ	pa:15:135
カットーリカ	i:28:80
カッペレッティ家	pu:6:106
カッラーラ人	i:20:48
カテッリーニ家	pa:16:88
カトリア	pa:21:109
カトリック	pa:12:104
カトー	i:14:14
カトーナ	pa:8:62
カドモス	i:25:97
カナヴェーゼ	pu:7:136
カニャッツォ	i:21:119	i:22:106
カニャン	pa:9:49
カパネウス	i:14:63
カプライア	i:33:82
カプリコルノ	pu:2:57
カプローナ	i:21:94
カポッキオ	i:29:136	i:30:28
カポンサッコ家	pa:16:121
カミション・デ・パッツィ	i:32:68
カミッラ	i:1:107	i:4:124
カラブリア	pa:12:140
カラロガ	pa:12:52
カリオペ	pu:1:9
カリストゥス	pa:27:44
カリュディス	i:7:22
カルカブリーナ	i:21:118	i:22:133
カルカンタ	i:20:110
カルナーロ	i:9:113
カルフッチ家	pa:16:106
カルボリ家	pu:14:89
カルリーノ	i:32:69
カルロ	pa:9:1
カレンターナ	i:15:9
カロン	i:3:94	i:3:109	i:3:128
カンパニャーティコ	pu:11:66
カンパルディーノ	pu:5:92
カンピ	pa:16:49
カンポ・ピチェーノ	i:24:148
カンポ広場	pu:11:134
カール大帝	i:31:16	pa:6:96	pa:18:43
ガイア	pu:16:140
ガエータ	i:26:92	pa:8:62
ガスコーニュ	pu:20:66
ガスコーニュ人	pa:27:58
ガッド	i:33:68
ガッリ家	pa:16:105
ガッルッツォ	pa:16:53
ガッルーラ	i:22:82	pu:8:81
ガデス	pa:27:82
ガニュメーデース	pu:9:23
ガヌロン	i:32:122
ガブリエル	pa:4:47	pa:9:138
ガリガイオ家	pa:16:101
ガリシア	pa:25:18
ガリセンダ	i:31:136
ガルダ	i:20:65
ガルディンゴ	i:23:108
ガレオット	i:5:137
ガレノス	i:4:143
ガンジス	pa:11:51
ガンジス川	pu:2:5	pu:27:4
ガヴィッレ	i:25:151
キアッシ	pu:28:20
キアヴェリ	pu:19:100
キアーナ川	pa:13:23
キウージ	pa:16:75
キテレア	pu:27:95
キプロス	i:28:82	pa:8:2
キュラ	pa:1:36
キュロス	pu:12:56
キリスト	pu:20:87	pu:21:8	pu:23:74	pu:26:129	pu:32:102	pa:6:14	pa:9:120	pa:11:72	pa:11:102	pa:11:107	pa:12:37	pa:12:71	pa:12:73	pa:12:75	pa:14:104	pa:14:106	pa:14:108	pa:17:51	pa:19:71	pa:19:104	pa:19:106	pa:19:108	pa:20:47	pa:23:20	pa:23:72	pa:25:15	pa:26:52	pa:27:40	pa:29:98	pa:29:109	pa:31:3	pa:32:19	pa:32:24	pa:32:27	pa:32:83	pa:32:85	pa:32:87	pa:32:124
キリスト教徒	i:27:88	pu:10:121	pa:5:73	pa:19:109	pa:20:104
キルケ	i:26:91	pu:14:42
キンキナトゥス	pa:15:129
ギゾラベッラ	i:18:55
ギデオン	pu:24:125
ギベリン党	pa:6:103
ギリシャ	i:20:108
ギリシャ人	i:26:74	i:30:98	i:30:122	pu:22:88	pu:22:101	pa:5:69	pa:20:57
ギリシャ人たち	pu:9:39	pu:22:108
ギルボア	pu:12:41
ギーン・ディ・タッコ	pu:6:14
クィリヌス	pa:8:131
クィンクティウス	pa:6:46
クセルクセス	pa:8:124
クニッツァ	pa:9:32
クピードー	pa:8:7
クラッスス	pu:20:116
クリオ	i:28:102	pu:22:58
クリメネ	pa:17:1
クリュソストモス	pa:12:137
クリュニー	i:23:63
クレウサ	pa:9:98
クレオパトラ	i:5:63	pa:6:76
クレタ	i:12:12	i:14:95
クレトゥス	pa:27:41
クレメンス	pu:3:125
クレメンツァ	pa:9:1
クロアチア	pa:31:103
クロート	pu:21:27
グアランディ家	i:33:32
グアルテロッティ家	pa:16:133
グアルド	pa:11:48
グアルドラーダ	i:16:37
グィネヴィア	pa:16:15
グイッツァンテ	i:15:4
グイットーネ	pu:24:56	pu:26:124
グイド	i:10:63	i:28:77	i:30:77	pu:11:97
グイド・グイニツェッリ	pu:26:92
グイド・グエッラ	i:16:38
グイド・ダ・カステル	pu:16:125
グイド・ダ・プラータ	pu:14:104
グイド・ディ・カルピーニャ	pu:14:98
グイド・デル・ドゥーカ	pu:14:81
グイド・ボナッティ	i:20:118
グイド伯	pa:16:98
グエルフ党	pa:6:107
グッビオ	pu:11:80
グラウコス	pa:1:68
グラッフィアカーネ	i:21:122	i:22:34
グラティアヌス	pa:10:103
グリエルモ	pu:7:134	pa:18:46	pa:20:62
グリエルモ・アルドブランデスコ	pu:11:59
グリエルモ・ボルシエーレ	i:16:70
グリフォン	pu:32:43	pu:32:89
グレゴリウス	pu:10:75	pa:28:133
グレーチ家	pa:16:89
ケイロン	i:12:65	i:12:71	i:12:77	i:12:97	pu:9:37
ケファス	pa:21:127
ケリドリ	i:24:86
ケルベロス	i:6:13	i:6:22	i:6:32	i:9:98
ケルンのアルベルトゥス	pa:10:97
ケンクリ	i:24:87
ケンタウロス	i:12:56
ゲラルド	pu:16:124	pu:16:133	pu:16:138
ゲリュオン	i:17:97	i:17:133	i:18:19	pu:27:23
コキュートス	i:14:119	i:31:123	i:33:156	i:34:52
コスタンツァ	pu:3:113	pu:3:143	pu:7:129	pa:3:118	pa:4:98
コゼンツァ	pu:3:124
コッラディーノ	pu:20:68
コッラード	pu:8:65
コッラード・ダ・パラッツォ	pu:16:124
コッラード・マラスピーナ	pu:8:118
コッレ	pu:13:115
コルキス	i:18:87
コルコ	pa:2:16
コルシ	pu:18:81
コルネリア	i:4:128	pa:15:129
コルネート	i:13:9
コンスタンティヌス	i:19:115	i:27:94	pa:6:1
コンティ家	pa:16:64
コンラート	pa:15:139
コーニオ	pu:14:116
コーロ	i:11:114
ゴッティフレーディ	pa:18:47
ゴミタ	i:22:81
ゴモラ	pu:26:40
ゴルゴン	i:9:56
ゴルゴーナ	i:33:82
ゴヴェルノル	i:20:78
サウル	pu:12:40
サタン	i:7:1
サッケッティ家	pa:16:104
サッソル・マスケローニ	i:32:65
サッフィラ	pu:20:112
サバオト	pa:7:1
サビニ	pa:6:40
サピーア	pu:13:109
サベッリウス	pa:13:127
サベッルス	i:25:95
サマリア	pu:21:3
サムエル	pa:4:29
サラ	pa:32:10
サラセン	pu:23:103
サラセン人	i:27:87
サラディン	i:4:129
サルダナパロス	pa:15:107
サルディ	pu:18:81
サルデーニャ	i:22:89	i:26:104	i:29:47	pu:23:94
サルヴェ・レジーナ	pu:7:82
サン=ヴィクトルのフーゴー	pa:12:133
サンタフィオーラ	pu:6:111
サンタ・ツィータ	i:21:38
サンテルノ	i:27:49
サント・ヴォルト	i:21:48
サンレオ	pu:4:25
サン・ジョヴァンニ	i:19:16
サン・ゼーノ	pu:18:118
サン・ピエトロ	i:31:59
サン・ベネデット・デッラルペ	i:16:100
サヴィオ川	i:27:52
サーヴェナ川	i:18:60
シエストリ	pu:19:100
シエナ	pu:5:134	pu:11:111	pu:11:123	pu:11:134	pu:13:106
シエナのアルベーロ	i:29:109
シエナ人	i:29:122	i:29:133	pu:11:65
シオン	pu:4:68
シクストゥス	pa:27:44
シケオ	i:5:62	pa:9:98
シジェール	pa:10:135
シズモンディ家	i:33:32
シチリア	i:12:108	i:27:7	pu:3:116
シニガッリア	pa:16:75
シノン	i:30:98	i:30:116
シビュラ	pa:33:66
シミフォンティ	pa:16:62
シモエイス川	pa:6:67
シモニデス	pu:22:107
シモン	pa:30:147
シモン・マグス	i:19:1
シャルル	i:19:99	pu:5:69	pu:11:137	pu:20:67	pu:20:71	pa:6:106	pa:8:72	pa:20:63
シュヴァーベン	pa:3:119
シラッテ	i:27:95
シリンクス	pu:32:65
シルウィウス	i:2:13
シルウェステル	i:27:94
シルヴェストロ	pa:11:83
シロッコ	pu:28:21
シーツィ家	pa:16:108
シーニャ	pa:16:56
シーレ	pa:9:49
ジェノヴァ人	i:33:151	pa:9:90
ジェンツッカ	pu:24:37
ジェーリ・デル・ベッロ	i:29:27
ジャンニ・スキッキ	i:30:32
ジャンニ・デ・ソルダニエール	i:32:121
ジュオーキ家	pa:16:104
ジュデッカ	i:34:117
ジョット	pu:11:95
ジョヴァッキーノ	pa:12:140
ジョヴァンナ	pu:5:89	pu:8:71	pa:12:80
スカルドヴァ	i:29:83
スカルミリオーネ	i:21:105
スキピオ	i:31:116	pa:6:52	pa:27:61
スキロス	pu:9:37
スコットランド人	pa:19:122
スタティウス	pu:21:91	pu:22:25	pu:24:119	pu:25:29	pu:25:32	pu:27:47	pu:32:29	pu:33:134
ステュクス	i:7:106	i:9:81	i:14:116
ストリッカ	i:29:125
ストロファデス	i:13:11
スフィンクス	pu:33:47
スペイン	i:26:103	pu:18:102	pa:6:64	pa:19:125
スペイン人	pa:29:101
スラブ	pu:30:87
セイレーン	pu:31:45	pa:12:8
セウタ	i:26:111
セクストゥス	i:12:135
セストス	pu:28:74
セナール	pu:12:36
セネカ	i:4:141
セビリア	i:20:126	i:26:110
セミラミス	i:5:58
セメレ	i:30:2	pa:21:6
セラフィム	pa:8:27
セルキオ川	i:21:49
セルセ	pu:28:71
センナケリブ	pu:12:53
セーヌ川	pa:6:59	pa:19:118
ゼノン	i:4:138
ゼフュロス	pa:12:46
ソクラテス	i:4:134
ソドム	i:11:50	pu:26:40	pu:26:79
ソルグ川	pa:8:59
ソルダニエーリ家	pa:16:93
ソルダノ	i:27:90
ソルデッロ	pu:6:74	pu:7:3	pu:7:52	pu:8:38	pu:8:43	pu:8:62	pu:8:94	pu:9:58
ソロン	pa:8:124
ソール門	pa:11:46
タイス	i:18:133
タウマース	pu:21:50
タッデオ	pa:12:83
タナイス川	i:32:27
タミリス	pu:12:56
タラモーネ	pu:13:152
タリアコッツォ	i:28:17
タリアメント	pa:9:44
タルクィニウス	i:4:127
タルタル人	i:17:17
タルペイア	pu:9:137
タレス	i:4:137
タンベルニッキ山	i:32:28
ダイダロス	i:29:116
ダニエル	pu:22:146	pa:4:13	pa:29:133
ダミアッタ	i:14:104
ダンテ	pu:30:55
ダヴィデ	i:4:58	i:28:138
チェチリオ	pu:22:98
チェペラーノ	i:28:16
チェルキ家	pa:16:65
チェルタルド	pa:16:49
チェルヴィア	i:27:42
チェーチナ	i:13:9
チエルダウロ	pa:10:127
チマブーエ	pu:11:94
チャッコ	i:6:52	i:6:58
チャンゲッラ	pa:15:128
チャンファ	i:25:43
チリアット	i:21:122	i:22:55
ティグリス	pu:33:112
ティスベ	pu:27:37
ティテュオス	i:31:124
ティトゥス	pu:21:82	pa:6:92
ティトーネ	pu:9:1
ティフェオ	pa:8:70
ティマイオス	pa:4:49
ティラッリ	i:20:63
ティレシアス	i:20:40	pu:22:113
ティンブレオ	pu:12:31
ティーシポネー	i:9:48
テセウス	i:9:54	pu:24:123
テゾーロ	i:15:119
テッギアイオ	i:6:79
テッギアイオ・アルドブランディ	i:16:41
テティス	pu:22:113
テバルデッロ	i:32:122
テバルド	i:22:52
テミス	pu:33:47
テムズ川	i:12:120
テュデウス	i:32:130
テュポン	i:31:124
テレンティウス	pu:22:97
テヴェレ	pa:11:106
テヴェレ川	i:27:30	pu:2:101
テ・デウム・ラウダムス	pu:9:140
テ・ルチス・アンテ	pu:8:13
テーバイ	i:14:69	i:25:15	i:30:2	i:30:22	i:32:11	i:33:89	pu:21:92	pu:22:88
テーバイ人	pu:18:93
テーバイ人たち	i:20:32
ディアナ	pu:25:131
ディアーナ	pu:13:153
ディオゲネス	i:4:137
ディオスコリデス	i:4:140
ディオニュシオス	i:12:107	pa:28:130
ディオメデス	i:26:56
ディオーネー	pa:8:7	pa:22:144
ディーテ	i:8:68	i:11:65	i:12:39	i:34:20
ディードー	i:5:85	pa:8:9
デイアニラ	i:12:68
デイダミア	i:26:62	pu:22:114
デイフィレ	pu:22:110
デキウス家	pa:6:47
デッラ・アルカ家	pa:16:92
デッラ・サンネッラ家	pa:16:92
デッラ・プレッサ家	pa:16:100
デッラ・ペーラ家	pa:16:126
デモクリトス	i:4:136
デモフォオンテ	pa:9:101
デルポイ	pa:1:32
デレクタスティ	pu:28:80
デーロス島	pu:20:130
トゥッリウス	i:4:141
トゥピーノ川	pa:11:43
トゥルヌス	i:1:108
トゥルビーア	pu:3:49
トゥール	pu:24:23
トゥールーズ	pu:21:89
トスカーナ	i:23:76	i:24:122	i:28:108	pu:11:110	pu:13:149	pu:14:16	pu:16:137	pa:22:117
トスカーナ人	i:10:22	i:22:99	i:23:91	i:32:66	pu:11:58	pu:14:103	pu:14:124	pa:9:90
トッポ	i:13:120
トビア	pa:4:48
トマス	pu:20:69	pa:10:98	pa:12:110	pa:12:144
トマス・アクィナス	pa:14:6
トラヤヌス	pu:10:76
トラヴェルサーリ家	pu:14:107
トリスタン	i:5:67
トリナクリア	pa:8:67
トリヴィア	pa:23:26
トルクァトゥス	pa:6:46
トルコ人	i:17:17
トレスピアーノ	pa:16:53
トレンティーノ	i:20:67
トレント	i:12:4
トロイア	i:1:74	i:26:59	i:30:22	i:30:98	i:30:114	pu:12:61
トロイア人	i:13:11	i:28:10	i:30:14	pa:15:126	pa:20:68
トロメア	i:33:124
トロント川	pa:8:63
トローニ	pa:9:61
ドイツ	i:20:62	pu:6:97	pa:8:66
ドイツ人	i:17:21
ドゥエ	pu:20:46
ドゥエーラ	i:32:116
ドゥラッツォ	pa:6:65
ドナウ川	i:32:25	pa:8:65
ドナトゥス	pa:12:137
ドミティアヌス	pu:22:83
ドミニコ	pa:10:94	pa:12:70
ドラギニャッツォ	i:21:121	i:22:73
ドルチーノ修道士	i:28:55
ドンノ・ミケーレ・ザンケ	i:22:88
ナイアス	pu:33:49
ナイル川	i:34:45	pu:24:64	pa:6:66
ナザレ	pa:9:137
ナシディウス	i:25:95
ナタン	pa:12:136
ナバラ	pa:19:143
ナポリ	pu:3:27
ナルキッソス	i:30:128
ナヴァッラ	i:22:121
ナヴァッラ王国	i:22:48
ニオベ	pu:12:37
ニコシア	pa:19:146
ニソス	i:1:108
ニッコロ	i:29:127
ニッコロー	pu:20:32
ニノス	i:5:59
ニーノ	pu:8:53
ネッソス	i:12:67	i:12:98	i:13:1
ネッラ	pu:23:87
ネブカドネザル	pa:4:14
ネプトゥヌス	i:28:83	pa:33:96
ネルリ	pa:15:115
ネンブロット	i:31:77	pu:12:34	pa:26:126
ノア	i:4:56	pa:12:17
ノチェーラ	pa:11:48
ノルウェー	pa:19:139
ノルマンディー	pu:20:66
ノヴァーラ人	i:28:59
ノーリ	pu:4:25
ハイメ	pu:7:119
ハインリヒ	pa:17:82	pa:30:137
ハルピュイア	i:13:10	i:13:101
ハンガリー	pa:19:142
ハンニバル	i:31:117	pa:6:49
バッキリオーネ	i:15:113
バッコス	i:20:59	pu:18:93	pa:13:25
バティスタ	i:30:74
バニャカヴァル	pu:14:115
バニョレージョ	pa:12:128
バビロン	pa:23:134
バルッチ家	pa:16:104
バルバリッチャ	i:21:120	i:22:29	i:22:59	i:22:145
バルバロッサ	pu:18:119
バルバージャ	pu:23:94	pu:23:96
バーリ	pa:8:62
パイアン	pa:13:25
パウロ	i:2:32	pa:18:131	pa:18:136
パエトン	i:17:107	pu:4:72	pa:31:124
パガーニ家	pu:14:118
パキーノ岬	pa:8:68
パシパエ	pu:26:41
パッランテ	pa:6:35
パドヴァ	pa:9:46
パドヴァ人	i:15:7	i:17:70
パラス	pu:12:31
パラディオン	i:26:63
パリ	pu:11:81	pu:20:52
パリス	i:5:67
パルナッソス	pu:22:65	pu:28:141	pu:31:140	pa:1:16
パルメニデス	pa:13:125
パレストリーナ	i:27:102
パレルモ	pa:8:75
ヒエロニムス	pa:29:37
ヒッポリュトス	pa:17:46
ヒポクラテス	i:4:143	pu:29:136	pu:29:137
ヒュドラ	i:9:40
ヒュプシピュレ	i:18:92
ヒュペリオン	pa:22:142
ビズマントヴァ	pu:4:26
ビゼンツォ川	i:32:56
ビンディ	pa:29:103
ピアーヴェ	pa:9:27
ピウス	pa:27:44
ピエトラ	pu:18:83
ピエトラパーナ山	i:32:29
ピエトロ	pa:10:106	pa:21:122	pa:22:88	pa:25:12
ピエトロ・ダミアーノ	pa:21:121
ピエトロ・ベルナルドーネ	pa:11:89
ピエトロ・ペッカトール	pa:21:122
ピエロ	i:2:24
ピエール	pu:7:125
ピエール・ダ・メディチーナ	i:28:73
ピエール・ダ・ラ・ブロッチャ	pu:6:22
ピエール・トラヴェルサーロ	pu:14:98
ピエール・ペッティナイオ	pu:13:128
ピグマリオン	pu:20:103
ピサ	i:33:30	i:33:79	pu:6:17
ピシストラトス	pu:15:101
ピストイア	i:24:126	i:24:143	i:25:10
ピッカルダ	pu:24:10	pa:3:49	pa:4:97	pa:4:112
ピナモンテ	i:20:96
ピュラモス	pu:27:37	pu:33:69
ピュロス	i:12:135	pa:6:44
ピラト	pu:20:91
ピリ家	pa:16:103
ピーア	pu:5:133
ピーケ	pu:1:11
ファエンツァ	i:32:123	pu:14:101
ファッブロ	pu:14:100
ファビウス家	pa:6:47
ファブリツィウス	pu:20:25
ファマグスタ	pa:19:146
ファリサイ人	i:27:85
ファリサイ人たち	i:23:116
ファリナータ	i:6:79	i:10:32
ファルサリア	pa:6:65
ファルテローナ	pu:14:17
ファルファレッロ	i:21:123	i:22:94
ファレエ	i:24:86
ファーノ	i:28:76	pu:5:71
フィアルテ	i:31:94	i:31:108
フィエーゾレ	i:15:62	i:15:73	pa:15:126	pa:16:122
フィファンティ家	pa:16:104
フィリッピ家	pa:16:89
フィリップ家	pu:20:50
フィリッペスキ家	pu:6:107
フィリッポ・アルジェンティ	i:8:61
フィレンツェ	i:8:62	i:10:91	i:16:75	i:24:144	i:26:1	i:32:120	i:33:11	pu:6:127	pu:11:113	pu:20:75	pu:23:96	pu:23:101	pa:15:97	pa:16:84	pa:16:111	pa:16:146	pa:16:149	pa:17:48	pa:29:103	pa:31:39
フィレンツェ人	i:17:70	pa:16:61
フィレンツェ人たち	pa:16:86
フェッギーネ	pa:16:49
フェデリーコ	pu:7:119	pa:20:63
フェデリーゴ	i:13:58
フェデリーゴ・ティニョーゾ	pu:14:106
フェデリーゴ・ノヴェッロ	pu:6:17
フェラーラ人	pa:9:56
フェリーチェ	pa:12:79
フェルト	i:1:105
フェルトロ	pa:9:52
フォカッチャ	i:32:63
フォカーラ	i:28:89
フォティヌス	i:11:9
フォルコ	pa:9:94
フォルリ	i:16:99	pu:24:32
フォレーゼ	pu:23:48	pu:23:76	pu:24:74
フォンテ・ブレンダ	i:30:78
フューリー	i:9:38
フランコ・ボロニェーゼ	pu:11:83
フランス	i:19:87	pu:7:109	pu:16:126	pu:20:51	pu:20:71	pa:15:120
フランス人	i:29:123	i:32:115
フランス人たち	i:27:44
フランチェスカ	i:5:116
フランチェスコ	i:27:112	pa:11:74	pa:22:90	pa:32:35
フランチェスコ・ダッコルソ	i:15:110
フランチェスコ会	i:27:67
フランドル人	i:15:4
フリジア人	i:31:64
フリードリヒ	i:23:66	pu:16:117
フレギアス	i:8:19	i:8:24
フレグラ	i:14:58
ブオンコンテ	pu:5:88
ブオンデルモンテ	pa:16:140
ブオンデルモンティ家	pa:16:66
ブオーゾ	i:25:140
ブオーゾ・ドナーティ	i:30:44
ブジェア	pa:9:92
ブラバンテ	pu:6:23
ブランカ	i:33:145
ブランカ・ドーリア	i:33:137	i:33:140
ブリアレオス	i:31:98	pu:12:28
ブリカーメ	i:14:79
ブリガータ	i:33:89
ブリッソ	pa:13:125
ブリンディジ	pu:3:27
ブルッヘ	i:15:4	pu:20:46
ブルネット	i:15:30	i:15:101
ブルネット・ラティーノ	i:15:32
ブルートゥス	i:4:127	i:34:65	pa:6:74
ブレティノーロ	pu:14:112
ブレンタ	pa:9:27
ブレンタ川	i:15:7
ブレンヌス	pa:6:44
ブレーシャ	i:20:68
ブレーシャ人	i:20:71
プッチョ・シャンカート	i:25:148
プトレマイオス	i:4:142	pa:6:69
プラウトゥス	pu:22:98
プラトマーニョ	pu:5:116
プラトン	i:4:134	pu:3:43	pa:4:23
プラーガ	pa:19:117
プラート	i:26:9
プリスキアヌス	i:15:109
プルート	i:6:115	i:7:2
プレゲトン	i:14:116	i:14:131	i:14:132
プロセルピナ	pu:28:50
プロヴァンス	pu:7:126	pu:20:61
プロヴァンス人	pa:6:130
プロヴェンツァン・サルヴァーニ	pu:11:121
プーリア	i:28:8	pu:7:126
プーリア人	i:28:16
ヘカベー	i:30:16
ヘクトル	i:4:122	pa:6:68
ヘブライ	pa:32:17
ヘブライ人	pu:24:124	pa:5:49
ヘブライ人たち	pu:4:83
ヘラクレイトス	i:4:138
ヘラクレス	i:25:32	i:26:108	i:31:132	pa:9:101
ヘリオドロス	pu:20:113
ヘリケー	pu:25:131	pa:31:32	pa:31:33
ヘリコン	pu:29:40
ヘレスポントス	pu:28:71
ヘレナ	i:5:64
ヘント	pu:20:46
ベアトリーチェ	i:2:70	i:2:103	pu:6:46	pu:7:128	pu:15:77	pu:18:48	pu:18:73	pu:23:128	pu:27:36	pu:27:53	pu:30:73	pu:31:80	pu:31:107	pu:31:114	pu:31:133	pu:32:36	pu:32:85	pu:32:106	pu:33:4	pu:33:124	pa:1:46	pa:1:64	pa:2:22	pa:3:127	pa:4:13	pa:4:139	pa:5:16	pa:5:85	pa:5:122	pa:7:16	pa:9:16	pa:10:37	pa:10:52	pa:10:60	pa:11:11	pa:14:8	pa:14:79	pa:15:70	pa:16:13	pa:17:5	pa:17:29	pa:18:17	pa:18:53	pa:21:63	pa:22:125	pa:23:19	pa:23:34	pa:23:76	pa:24:10	pa:24:22	pa:24:55	pa:25:28	pa:25:137	pa:26:77	pa:27:34	pa:27:102	pa:29:8	pa:30:14	pa:30:128	pa:31:59	pa:31:66	pa:31:76	pa:32:9	pa:33:38
ベッケリーア	i:32:119
ベッリンチョン・ベルティ	pa:15:112
ベッリンチョーネ	pa:16:99
ベナコ	i:20:63	i:20:74	i:20:77
ベネディクトゥス	pa:32:35
ベネヴェント	pu:3:128
ベラックァ	pu:4:123
ベリサリウス	pa:6:25
ベルガモ人	i:20:71
ベルゼブブ	i:34:127
ベルタ	pa:13:139
ベルトラン・ダル・ボルニオ	i:28:134	i:29:29
ベルナルディン・ディ・フォスコ	pu:14:101
ベルナルド	pa:11:79
ベルナルドゥス	pa:31:102	pa:31:139	pa:33:49
ベロ	pa:9:97
ベーダ	pa:10:130
ペガサス	pa:18:82
ペスキエーラ	i:20:70
ペテロ	i:19:94	pu:9:127	pu:13:51	pu:19:99	pu:21:54	pu:32:76	pa:9:141	pa:11:120	pa:18:131	pa:32:133
ペトルス・コメストル	pa:12:134
ペトルス・ヒスパヌス	pa:12:134
ペネイア	pa:1:33
ペネロペ	i:26:95
ペルサ	i:7:103
ペルシウス	pu:22:100
ペルシャ人	pa:19:112
ペルージャ	pa:6:75	pa:11:46
ペローロ	pu:14:31
ペローロ岬	pa:8:68
ペンテシレイア	i:4:124
ペンニーノ	i:20:65
ホノリウス	pa:11:98
ホメロス	i:4:88
ホラティウス	i:4:89
ホロフェルネス	pu:12:59
ボスティキ家	pa:16:93
ボッカ	i:32:106
ボナジュンタ	pu:24:19	pu:24:20
ボナヴェントゥラ	pa:12:127
ボニファティウス	i:19:53
ボニファーツィオ	pu:24:29
ボヘミア	pa:19:125
ボルゴ地区	pa:16:134
ボルセーナ	pu:24:24
ボローニャ	i:23:142	pu:14:100
ボローニャ人	i:18:58	i:23:103
ボントゥーロ	i:21:41
ポリネストル	pu:20:115
ポリュクセナ	i:30:17
ポリュクレイトス	pu:10:32
ポリュドロス	i:30:18	pu:20:115
ポリュムニア	pa:23:55
ポルックス	pu:4:61
ポルトガル	pa:19:139
ポレンタ	i:27:41
ポロス	i:12:72
ポンティユー	pu:20:66
ポンペイウス	pa:6:52	pa:6:72
ポー	i:20:78	pu:16:115	pa:15:137
ポーラ	i:9:113
ポー川	i:5:98	pu:14:92	pa:6:51
マイア	pa:22:144
マカバイ記	i:19:86
マカベオ	pa:18:40
マカリウス	pa:22:49
マクラ	pa:9:89
マティア	i:19:94
マテルダ	pu:33:119
マホメット	i:28:31	i:28:62
マヨルカ	i:28:82
マラコト	pa:7:3
マラコーダ	i:21:76	i:21:79
マリア	pu:3:39	pu:5:101	pu:8:37	pu:10:50	pu:13:50	pu:18:100	pu:20:19	pu:22:142	pu:23:30	pu:33:6	pa:3:122	pa:4:30	pa:11:71	pa:14:36	pa:15:133	pa:23:111	pa:23:126	pa:23:136	pa:32:4	pa:32:95	pa:32:106	pa:32:114
マルカボ	i:28:75
マルキア	i:4:128	pu:1:79	pu:1:85
マルケルス	pu:6:125
マルケーゼ	pu:24:31
マルゲリータ	pu:7:128
マルコ	pu:16:46	pu:16:130
マルシュアス	pa:1:20
マルシリア	pu:18:102
マルス	i:24:145	i:31:51	pu:12:31	pa:4:63	pa:8:132	pa:16:46	pa:27:14
マルズッコ	pu:6:18
マルタ	pa:9:54
マルティーノ	pa:13:139
マレブランケ	i:21:37	i:22:100	i:23:23	i:33:142
マレンマ	i:25:19	i:29:47	pu:5:134
マントヴァ	i:1:69	i:2:58	i:20:93	pu:6:72	pu:18:82
マントヴァ人	pu:6:74
マンフレーディ	pu:3:112
マーレボルジェ	i:18:1	i:21:5	i:24:37	i:29:40
ミカエル	pa:4:47
ミカル	pu:10:68	pu:10:72
ミケーレ	i:7:11	pu:13:51
ミケーレ・ザンケ	i:33:144
ミケーレ・スコット	i:20:116
ミゼレーレ	pu:5:24
ミダス	pu:20:106
ミディアン	pu:24:126
ミネルヴァ	pu:30:68	pa:2:8
ミノス	i:5:4	i:5:17	i:13:96	i:20:36	i:27:124	i:29:120	pu:1:77	pa:13:14
ミノタウロス	i:12:25
ミュラー	i:30:38
ミラノ	pu:18:120
ミラノ人	pu:8:80
ミンチョ	i:20:77
ミーラ	pu:5:79
ムキウス	pa:4:84
ムーサ	i:2:7	pu:1:8	pu:22:102	pa:2:9	pa:12:7	pa:15:26	pa:18:33
ムーダ	i:33:22
メガイラ	i:9:46
メテッルス	pu:9:137
メディア	i:18:96
メドゥーサ	i:9:52
メナリッポス	i:32:131
メリッソス	pa:13:125
メルキゼデク	pa:8:125
メルクリウス	pa:4:63
メレアグロス	pu:25:22
モスカ	i:6:80	i:28:106
モデナ	pa:6:75
モナルディ家	pu:6:107
モルタヴァ	pu:7:99
モルデカイ	pu:17:29
モロッコ	i:26:104	pu:4:139
モロント	pa:15:136
モンジベッロ	i:14:56
モンタペルティ	i:32:81
モンターニャ	i:27:47
モンテッキ家	pu:6:106
モンテフェルトロ	pu:5:88
モンテマロ	pa:15:109
モンテムルロ	pa:16:64
モンテレッジォーニ	i:31:41
モンテ・ヴィーゾ	i:16:95
モンフェッラート	pu:7:136
モーセ	i:4:57	pu:32:80	pa:4:29	pa:24:136	pa:26:41
ヤクリ	i:24:86
ヤコブ	pu:32:76	pa:8:131	pa:22:70	pa:22:71
ヤヌス	pa:6:81
ヤーコポ・ダ・サント・アンドレア	i:13:133
ヤーコポ・ルスティクッチ	i:6:80	i:16:44
ユウェナリス	pu:22:13
ユスティニアヌス	pu:6:89	pa:6:10
ユダ	i:9:27	i:31:143	pu:20:73	pu:21:83
ユダヤ人	i:23:123	i:27:87	pa:5:81
ユダヤ人たち	pa:7:47	pa:29:102
ユダ・イスカリオテ	i:34:62
ユダ家	pa:16:123
ユディト	pa:32:10
ユノ	i:30:1	pa:12:12	pa:28:32
ユバ	pa:6:70
ユピテル	i:14:52	i:31:44	i:31:92	pu:6:118	pu:29:120	pu:32:112	pa:4:62	pa:27:14
ユリア	i:4:128
ユリウス	i:1:70
ユーグ・カペー	pu:20:49
ユーフラテス	pu:33:112
ヨカスタ	pu:22:55
ヨサファトの谷	i:10:11
ヨシュア	pu:20:110	pa:9:125	pa:18:38
ヨセフ	i:30:97
ヨハネ	pu:29:105	pu:32:76	pa:4:29	pa:32:31
ヨルダン川	pu:18:135	pa:22:94
ヨーロッパ	pu:8:122	pa:6:5	pa:12:48
ライン川	pa:6:58
ラウィニア	i:4:126	pu:17:37
ラウィーナ	pa:6:3
ラケシス	pu:25:79
ラケデモン	pu:6:139
ラケル	i:2:102	i:4:60	pu:27:104	pa:32:8
ラシュカ	pa:19:140
ラスカ	pu:32:53
ラティヌス	i:4:125
ラテラノ	i:27:86	pa:31:35
ラテン	i:27:26	i:28:71	pu:13:92
ラテン人	i:22:65	i:27:33	pu:7:16	pu:11:58
ラトナ	pu:20:131	pa:10:67	pa:22:139	pa:29:1
ラハブ	pa:9:116
ラバヌス・マウルス	pa:12:139
ラピ	pa:29:103
ラモーネ	i:27:49
ランギア	pu:22:112
ランスロット	i:5:128
ランフランキ家	i:33:32
ランベルティ家	pa:16:110
ラヴィニャーニ家	pa:16:97
ラヴェンナ	i:27:40	pa:6:61
ラーノ	i:13:120
ラーポ・サルタレッロ	pa:15:128
リア	pu:27:101
リアルト	pa:9:26
リウィウス	i:28:12
リカルドゥス	pa:10:130
リニエーリ	pu:14:88
リニエール・ダ・コルネート	i:12:137
リニエール・パッツォ	i:12:137
リヌス	pa:27:41
リノアルド	pa:18:46
リノス	i:4:141
リビア	i:24:85
リビコッコ	i:21:121	i:22:70
リフェウス	pa:20:68
リベカ	pa:32:10
リモージュ	pu:26:120
リュクールゴス	pu:26:94
リンボ	i:4:45
リーツィオ	pu:14:97
リーフェ	pu:26:43
リール	pu:20:46
ルイ家	pu:20:50
ルカ	pu:21:7
ルカヌス	i:4:90	i:25:94
ルクレツィア	i:4:128	pa:6:41
ルシファー	i:31:143	i:34:89
ルチーア	i:2:97	i:2:100	pu:9:55	pa:32:137
ルッカ	i:18:122	i:33:30	pu:24:20	pu:24:35
ルッジエーリ大司教	i:33:14
ルドルフ	pu:7:94	pa:8:72
ルバコンテ橋	pu:12:102
ルビカンテ	i:21:123	i:22:40
ルビコン川	pa:6:62
ルーニ	i:20:47	pa:16:73
レア	i:14:100
レアルコ	i:30:10
レアンドロス	pu:28:73
レジーナ・チェリ	pa:23:128
レダ	pa:27:98
レテ	i:14:131	i:14:136	pu:28:130	pu:33:96	pu:33:123
レテ川	pu:26:108	pu:30:143
レハブアム	pu:12:46
レバノン	pu:30:11
レムノス島	i:18:88
レリチ	pu:3:49
レヴィ	pu:16:132
レーノ川	i:18:60	pu:14:92
レーモン・ベランジェ4世	pa:6:134
ログドーロ	i:22:89
ロデリンゴ	i:23:104
ロドペ	pa:9:100
ロベルト・グイスカルド	i:28:13	pa:18:48
ロマーニャ	i:27:28	i:27:37	i:33:154	pu:5:69	pu:15:44
ロマーニャ人	pu:14:99
ロムアルドゥス	pa:22:49
ロメオ	pa:6:128	pa:6:135
ロメーナ	i:30:73
ロレンツォ	pa:4:83
ロンゴバルド	pa:6:94
ロンバルディア	i:27:20	pu:6:61
ロンバルディア人	i:1:68	i:22:99	pu:16:46	pu:16:126
ローヌ川	i:9:112	pa:6:60	pa:8:59
ローマ	i:1:71	i:2:20	i:2:22	i:14:105	i:31:59	pu:6:112	pu:10:74	pu:16:106	pu:16:127	pu:18:80	pu:19:107	pu:21:89	pu:22:145	pu:29:115	pu:32:102	pa:6:57	pa:9:139	pa:15:126	pa:16:10	pa:24:63	pa:27:62	pa:31:34
ローマ人	i:15:77	i:18:28	i:26:60	pu:32:102	pa:19:102
ローマ人たち	pa:6:44
ローラン	i:31:18	pa:18:43
ヴァティカン	pa:9:139
ヴァルディキアーナ	i:29:46
ヴァルディグレーヴェ	pa:16:66
ヴァル・カモニカ	i:20:65
ヴァル・ディ・マーグラ	i:24:145	pu:8:115
ヴァル川	pa:6:58
ヴァンニ・フッチ	i:24:125
ヴィタリアーノ	i:17:68
ヴィチェンツァ	pa:9:47
ヴィンチスラオ	pu:7:101
ヴェッキオ	pa:15:115
ヴェッルッキオ	i:27:46
ヴェネツィア	pa:19:141
ヴェネツィア人	i:21:7
ヴェネーディコ・カッチャネミーコ	i:18:50
ヴェルチェッリ	i:28:75
ヴェルデ川	pu:3:131	pa:8:63
ヴェロニカ	pa:31:104
ヴェローナ	i:15:122	i:20:68	pu:18:118
三位一体	pa:15:47	pa:31:28
両熊座	pa:2:9
倫理学	i:11:80
創世記	i:11:107
北斗	pu:30:5
北斗七星	pu:30:1
原動天	pa:28:71	pa:30:107
双子座	pa:22:152
喜劇	i:16:128	i:21:2
土星	pu:19:3	pa:22:146
地獄	i:1:110	i:3:41	i:5:10	i:6:40	i:6:84	i:10:36	i:25:13	i:26:3	i:28:50	i:29:96	i:34:1	i:34:81	pu:1:45	pu:1:129	pu:7:21	pu:12:113	pu:16:1	pu:16:39	pu:21:31	pu:22:14	pu:22:99	pa:6:74	pa:20:106	pa:26:133	pa:31:81
地球	pa:22:134	pa:22:151
大熊座	i:11:114	pu:1:30
天	i:2:125	i:3:40	i:4:78	i:11:22	i:21:83	pu:1:47	pu:1:53	pu:5:54	pa:10:92	pa:15:6	pa:15:30	pa:19:28	pa:22:7	pa:22:8
天の国	pa:20:94
天の山羊	pa:27:68
天の川	pa:14:99
天上	i:2:94	i:2:96
天国	pu:1:99	pu:7:8	pa:3:88	pa:10:104	pa:16:6	pa:18:21	pa:20:117	pa:21:59	pa:23:61	pa:27:2	pa:28:1	pa:30:44	pa:31:52
天秤座	pu:2:5	pu:2:6
太陽	i:1:38	i:1:60	i:2:128	i:11:91	i:24:2	pu:1:39	pu:1:107	pu:1:122	pu:2:1	pu:4:56	pu:4:81	pu:4:119	pu:4:137	pu:6:56	pu:7:54	pu:8:133	pu:9:44	pu:12:74	pu:15:5	pu:17:5	pu:17:8	pu:17:9	pu:19:10	pu:26:4	pu:26:23	pu:29:78	pa:1:47	pa:1:54	pa:9:69	pa:9:85	pa:10:41	pa:10:48	pa:10:54	pa:17:123	pa:18:105	pa:19:5	pa:19:6	pa:20:31	pa:22:142	pa:26:121	pa:26:142	pa:27:69	pa:27:86	pa:33:145
宇宙	pa:31:23
帝国	pu:6:105
座天使	pa:28:104
愛の知性を持つ貴婦人たちよ	pu:24:51
教令集	pa:9:134
新生	pu:30:115
新約	pa:5:76
旧約	pa:5:76
智天使	pa:28:99
月	i:7:64	pu:19:2	pa:1:115
月天	pa:16:82
木星	pa:18:70	pa:18:95	pa:22:145
楽園	pa:3:89	pa:7:37	pa:7:87	pa:14:37
水星	pa:22:144
水瓶座	i:24:2
火星	pu:2:14	pa:14:100	pa:22:146
煉獄	pu:7:39	pu:9:49
熊たち	pu:4:65
熾天使	pa:28:72	pa:28:99
牡牛座	pu:25:3	pa:22:110
牡羊座	pu:8:134	pa:28:117
獅子座	pa:16:37	pa:21:14
白党員	i:24:150
神	i:1:131	i:2:91	i:2:103	i:3:38	i:3:39	i:11:26	i:11:95	i:11:100	i:11:105	pu:2:29	pu:5:56	pu:5:57	pu:7:4	pu:10:107	pu:13:117	pu:13:122	pu:13:124	pu:13:146	pu:16:40	pu:16:108	pu:19:76	pu:23:58	pu:28:125	pu:30:142	pu:33:71	pu:33:88	pa:2:42	pa:3:80	pa:6:111	pa:7:47	pa:7:56	pa:7:73	pa:7:91	pa:7:103	pa:7:109	pa:7:115	pa:7:117	pa:7:119	pa:9:62	pa:9:73	pa:12:93	pa:13:141	pa:14:89	pa:18:4	pa:19:29	pa:20:96	pa:20:98	pa:20:110	pa:21:83	pa:23:73	pa:23:113	pa:23:136	pa:24:130	pa:24:142	pa:26:48	pa:26:50	pa:26:55	pa:27:57	pa:27:105	pa:27:109	pa:29:77	pa:29:89	pa:31:22	pa:31:99	pa:33:40
福音	pa:24:144	pa:29:96	pa:29:114
福音書	pu:22:154	pa:9:133	pa:24:137
第二のフリードリヒ	i:10:119
紅海	i:24:90
聖アントニウス	pa:29:124
聖ジョヴァンニ	pa:16:25
聖トマス	pa:16:129
聖ペテロ	i:1:134	i:18:32	i:19:91
聖地	pa:9:125
聖書	pa:4:43	pa:13:128	pa:19:83	pa:29:89	pa:32:67
聖母マリア	pa:21:123
聖霊	pu:20:97	pa:3:53	pa:11:98	pa:14:76	pa:19:101	pa:20:38	pa:21:127	pa:24:91	pa:24:138	pa:27:1	pa:29:41
自然学	i:11:101
蟹座	pa:25:101
蠍座	pu:25:3
詩篇	pa:24:136
辺獄	pu:22:14	pa:32:84
金星	pa:22:144
陽気な修道士	i:23:103
魚座	i:11:113	pu:1:21
黒党	i:24:143
