1	Florence
2
3	Hell
4
5
6
7
8
9	Prato
10
11
12
13
14
15
16
17
18
19
20
21
22
23
24
25
26
27
28
29
30
31
32
33
34
35	Elijah’s
36
37
38
39
40
41
42
43
44
45
46
47
48
49
50
51
52
53
54	Eteocles
55
56	Ulysses	Diomedes
57
58
59
60	Romans
61
62	Deidamia	Achilles
63	Palladium
64
65
66
67
68
69
70
71
72
73
74
75	Greeks
76
77
78
79
80
81
82
83
84
85
86
87
88
89
90
91	Circe
92	Gaeta
93	Aeneas
94
95
96	Penelope
97
98
99
100
101
102
103	Spain
104	Morocco	Sardinians
105
106
107
108	Hercules
109
110	Seville
111	Ceuta
112
113
114
115
116
117
118
119
120
121
122
123
124
125
126
127
128
129
130
131
132
133
134
135
136
137
138
139
140
141
142
